timestamp,cylinder_number,customer,job_number,grain_screened,ink_color,proof_on_ctd_ink,blade_mfg,cylinder_division,paper_type,ink_type,direct_steam,solvent_type,type_on_cylinder,press_type,press,unit_number,cylinder_size,paper_mill_location,plating_tank,proof_cut,viscosity,caliper,ink_temperature,humifity,roughness,blade_pressure,varnish_pct,press_speed,ink_pct,solvent_pct,ESA_Voltage,ESA_Amperage,wax,hardener,roller_durometer,current_density,anode_space_ratio,chrome_content
19910920.0,1,1,37068.0,1,1,1,1,1,1,1,1,1,1,1,821.0,2.0,1,1,1911.0,40.0,49.0,0.3,17.0,75.0,0.625,30.0,0.0,1600.0,58.8,41.2,0.0,0.0,2.5,0.65,33.0,40.0,109.6,100.0
19901005.0,2,2,38218.0,1,1,1,1,1,1,1,1,1,1,1,821.0,7.0,1,2,1911.0,30.0,52.0,0.333,16.5,80.0,0.625,40.0,0.0,1800.0,58.1,41.9,1.0,0.0,2.5,0.4,35.0,40.0,107.4,100.0
19900507.0,3,3,36928.0,1,1,1,1,1,1,1,1,1,1,2,815.0,9.0,2,2,1910.0,40.0,54.0,0.233,15.0,80.0,0.75,28.0,0.0,1800.0,58.8,41.2,0.0,0.0,2.5,1.2,30.0,33.0,100.0,100.0
19910807.0,4,4,24780.0,2,1,1,1,1,2,1,1,1,1,3,802.0,7.0,2,1,1910.0,45.1679012345679,60.0,0.2,15.0,80.0,0.625,50.0,6.6,1400.0,54.9,38.5,6.0,0.0,3.0,1.1,34.0,40.0,103.1,100.0
19911102.0,5,5,35880.0,1,1,2,1,1,1,1,1,1,1,2,816.0,2.0,1,1,1911.0,40.0,40.0,0.3,14.9,75.0,0.625,28.0,4.3,2000.0,53.2,42.5,4.0,0.0,2.5,1.5,30.0,40.0,117.86,100.0
19910311.0,6,6,27386.0,2,1,1,1,1,2,2,1,1,2,1,827.0,2.0,1,3,1911.0,45.1679012345679,40.0,0.267,16.4,72.0,1.0,26.0,0.0,2000.0,62.5,37.5,0.0,0.0,2.5,1.0,40.0,40.0,106.45,100.0
19901206.0,7,7,36805.0,3,1,1,1,1,2,2,1,1,2,2,815.0,2.0,1,4,1910.0,50.0,42.0,0.3,17.0,88.0,0.75,30.0,0.0,1600.0,62.5,27.5,5.0,0.0,2.6,1.0,38.0,40.0,106.25,100.0
19910718.0,8,8,25530.0,3,1,1,1,1,2,2,1,1,1,1,821.0,7.0,1,1,1910.0,42.0,58.0,0.233,16.0,78.0,0.5,25.0,0.0,1800.0,58.8,41.2,5.0,0.0,2.5,1.0,34.0,40.0,103.125,100.0
19910517.0,9,5,35982.0,1,1,2,1,1,1,1,1,1,2,1,824.0,2.0,1,2,1910.0,47.0,67.0,0.4,16.0,74.0,0.8125,38.0,0.0,1900.0,58.8,41.2,2.0,0.0,2.5,1.1,33.0,40.0,103.125,100.0
19900517.0,10,9,36054.0,1,1,1,1,1,1,1,1,1,1,1,827.0,2.0,1,2,1910.0,45.0,55.0,0.3,15.0,75.0,0.75,25.0,0.0,2300.0,59.8,40.2,0.0,0.0,2.0,2.3,30.0,33.0,96.6,100.0
19910605.0,11,10,35460.0,1,1,1,1,1,1,1,1,1,1,1,824.0,2.0,1,2,1910.0,45.0,54.0,0.333,15.5,76.0,0.8125,30.0,5.6,2250.0,55.6,38.9,2.0,0.0,2.5,1.3,30.0,40.0,106.45,100.0
19901007.0,12,11,38059.0,3,1,1,1,1,2,2,1,1,1,3,802.0,7.0,2,5,1911.0,42.5,52.0,0.333,16.8,80.0,0.625,40.0,0.0,1700.0,54.3,45.7,3.0,0.0,3.0,1.0,34.0,40.0,107.4,100.0
19901113.0,13,6,36167.0,1,1,3,1,1,2,1,1,1,1,1,828.0,2.0,1,6,1910.0,45.0,41.0,0.333,15.8,78.0,1.0,40.0,0.0,2300.0,62.5,37.5,4.0,0.0,2.5,1.4,35.0,40.0,100.0,100.0
19900909.0,14,12,47103.0,3,1,1,1,1,2,2,1,1,2,3,802.0,7.0,2,5,1911.0,60.0,50.0,0.233,14.5,70.0,0.75,45.0,15.6,1650.0,45.8,38.5,2.0,0.0,2.5,1.0,40.0,40.0,100.0,100.0
19900510.0,15,12,47103.0,3,1,1,1,1,2,2,1,1,1,2,816.0,2.0,2,5,1910.0,60.0,50.0,0.3,15.0,72.0,0.75,30.0,15.9,1700.0,44.2,39.8,1.0,0.0,3.0,0.5,40.0,33.0,100.0,100.0
19900426.0,16,13,34545.0,1,1,1,1,1,2,1,1,1,2,1,827.0,2.0,1,2,1910.0,40.0,48.0,0.333,15.0,75.0,1.0,30.0,0.0,1720.0,61.7,38.3,0.0,0.0,2.5,3.0,33.0,33.0,103.2,100.0
19900910.0,17,12,47105.0,3,1,1,1,1,1,1,1,1,1,4,813.0,9.0,2,5,1910.0,55.0,47.0,0.2,14.0,71.0,0.7243334970530452,30.907563025210084,0.0,1600.0,62.5,37.5,0.0,0.0,2.5,0.7,40.0,40.0,90.3,100.0
19941009.0,18,14,85814.0,2,2,3,2,2,3,3,2,2,3,1,827.0,2.0,3,1,1910.0,45.1679012345679,51.03177570093458,0.3,16.5,70.0,1.0,34.0,5.780578512396692,1903.0,55.63853305785111,38.56764462809925,1.3193581780538302,0.03814432989690722,2.7,2.8,34.77525773195876,40.0,108.0,100.0
19910517.0,19,5,35872.0,1,1,2,1,1,1,1,1,1,1,1,824.0,9.0,1,2,1910.0,47.0,67.0,0.333,16.0,82.0,0.5625,30.0,1.5,1900.0,50.5,34.3,0.0,0.0,2.5,1.1,33.0,40.0,103.125,100.0
19901003.0,20,8,25441.0,3,1,1,1,1,2,2,1,1,2,1,821.0,7.0,1,5,1910.0,55.0,50.0,0.267,17.0,89.0,1.0,22.0,10.4,1650.0,52.1,37.5,0.75,0.0,2.5,1.1,34.0,40.0,93.55,90.0
19910111.0,21,15,35751.0,1,1,1,1,1,1,1,1,1,1,1,827.0,9.0,1,7,1911.0,50.0,46.0,0.2,16.5,75.0,0.75,28.0,0.0,2600.0,62.5,37.5,6.0,0.0,2.5,1.1,30.0,40.0,106.67,100.0
19901108.0,22,16,34997.0,1,1,1,1,1,1,1,1,1,2,2,815.0,1.0,1,2,1910.0,32.5,43.0,0.2,13.0,80.0,0.75,28.0,0.0,1500.0,62.5,37.5,0.0,0.0,0.0,0.0,30.0,40.0,100.0,100.0
19920416.0,23,15,36423.0,1,1,3,2,1,1,1,1,2,1,2,815.0,2.0,1,1,1910.0,55.0,51.0,0.25,16.4,78.0,0.5,29.0,5.780578512396692,1800.0,55.63853305785111,38.56764462809925,1.3193581780538302,0.03814432989690722,1.5,1.0,34.77525773195876,40.0,100.0,100.0
19900710.0,24,12,47104.0,3,1,1,1,1,2,2,1,3,1,4,813.0,1.0,2,5,1911.0,57.5,56.0,0.5,13.8,73.0,0.75,30.907563025210084,4.4,1400.0,52.7,42.9,0.0,0.0,2.0,0.5,40.0,40.0,96.8,100.0
19930916.0,25,17,35069.0,2,2,3,2,2,4,3,2,2,4,3,816.0,9.0,4,1,1911.0,45.1679012345679,56.0,0.2,17.0,75.0,0.75,25.0,5.780578512396692,1600.0,55.63853305785111,38.56764462809925,1.3193581780538302,0.03814432989690722,2.0,1.0,34.77525773195876,40.0,103.125,95.0
19920911.0,18,14,34534.0,2,2,3,2,2,3,4,3,2,4,1,821.0,7.0,5,1,1911.0,45.1679012345679,50.0,0.333,15.7,82.0,0.7243334970530452,30.0,5.780578512396692,1850.0,55.63853305785111,38.56764462809925,1.3193581780538302,0.03814432989690722,2.4009380863039405,0.9875939849624058,34.77525773195876,40.0,103.22,100.0
19910402.0,26,13,35814.0,1,1,1,1,1,2,1,1,1,1,1,827.0,9.0,6,2,1911.0,37.5,43.0,0.233,14.0,80.0,1.25,20.0,6.25,1823.359168241966,52.1,41.7,0.0,0.0,3.0,1.5,33.0,40.0,106.66,100.0
19910405.0,27,15,35754.0,1,1,1,1,1,1,1,1,1,1,1,824.0,9.0,1,2,1910.0,47.0,43.0,0.267,16.0,80.0,0.5625,30.0,9.1,2400.0,50.5,40.4,0.0,0.0,2.5,1.1,30.0,40.0,103.125,100.0
19900507.0,28,3,36928.0,1,1,1,1,1,1,1,1,1,1,2,815.0,2.0,2,2,1910.0,40.0,54.0,0.3,15.0,88.0,0.75,28.0,0.0,1800.0,58.8,41.2,0.0,0.0,2.5,1.2,30.0,33.0,100.0,100.0
19910216.0,29,13,35811.0,1,1,1,1,1,1,1,1,1,1,2,815.0,9.0,6,2,1911.0,40.0,35.0,0.233,18.0,85.0,0.625,30.0,0.0,2000.0,62.5,37.5,0.0,0.0,2.5,0.9,30.0,40.0,103.125,100.0
19910206.0,30,6,37352.0,1,1,1,1,1,2,1,1,1,1,2,815.0,2.0,1,5,1911.0,37.5,44.0,0.2,16.0,90.0,0.75,28.0,20.0,2050.0,45.0,35.0,0.0,0.0,2.4,0.8,35.0,40.0,107.4,100.0
19910707.0,31,12,47204.0,3,1,1,1,1,1,1,1,1,1,4,813.0,10.0,2,1,1910.0,50.0,64.0,0.2,16.0,86.0,0.75,30.907563025210084,0.0,1300.0,58.8,41.1,0.0,0.0,2.5,1.0,40.0,40.0,106.45,100.0
19910221.0,32,6,37354.0,1,1,1,1,1,2,2,1,1,1,2,816.0,9.0,1,6,1911.0,40.0,46.0,0.333,15.9,78.0,0.5,34.0,2.4,2000.0,61.0,36.6,0.0,0.0,2.4,1.3,35.0,40.0,103.22,100.0
19910402.0,33,13,35814.0,1,1,1,1,1,2,1,1,1,1,1,827.0,2.0,6,2,1911.0,35.0,43.0,0.233,14.0,75.0,1.25,20.0,7.6,1823.359168241966,54.3,38.0,0.0,0.0,2.5,2.0,33.0,40.0,106.66,100.0
19941010.0,34,18,38064.0,2,2,3,2,2,3,4,2,2,4,3,815.0,1.0,3,1,1910.0,45.1679012345679,46.0,0.2,14.2,75.0,0.75,25.0,5.780578512396692,2050.0,55.63853305785111,38.56764462809925,1.3193581780538302,0.03814432989690722,2.5,1.0,34.77525773195876,40.0,108.1,100.0
19900702.0,35,19,34367.0,3,1,1,1,1,2,2,1,1,1,2,816.0,9.0,1,5,1911.0,62.5,47.0,0.167,17.0,75.0,0.75,30.0,14.3,1700.0,47.6,38.1,0.0,0.0,3.0,0.5,40.0,40.0,96.9,100.0
19901017.0,36,20,38240.0,3,1,1,1,1,2,2,1,3,1,3,802.0,2.0,2,4,1911.0,60.0,46.0,0.333,15.359795158286786,70.0,0.625,50.0,19.0,1391.0,47.6,33.3,0.0,0.0,2.7,0.7,38.5,40.0,114.29,100.0
19910215.0,37,21,37869.0,1,1,1,1,1,2,1,1,1,1,3,802.0,7.0,2,5,1911.0,35.0,38.0,0.4,12.0,62.0,0.75,46.0,4.7,1400.0,58.8,36.5,0.0,0.0,2.0,1.0,28.0,40.0,103.125,100.0
19910524.0,38,15,37758.0,1,1,1,2,1,1,1,1,1,1,1,828.0,9.0,1,2,1910.0,40.0,62.0,0.3,16.0,84.0,0.9375,28.0,0.0,2200.0,58.8,41.2,4.0,0.0,2.5,0.6,30.0,40.0,106.45,100.0
19910303.0,39,6,37386.0,3,1,1,1,1,2,2,1,1,2,1,827.0,9.0,1,3,1906.7816091954023,40.0,47.0,0.35,14.43,76.0,0.75,16.0,7.2,2000.0,51.5,41.2,1.0,0.0,2.7,1.4,40.0,40.0,100.0,100.0
19910111.0,40,15,35751.0,1,1,1,1,1,1,1,1,1,1,1,827.0,2.0,1,2,1911.0,50.0,46.0,0.3,16.5,75.0,0.75,30.0,0.0,2600.0,62.5,37.5,6.0,0.0,2.5,0.6,30.0,40.0,106.67,100.0
19910112.0,41,12,47201.0,3,1,1,1,1,2,2,1,3,1,3,802.0,7.0,2,5,1910.0,50.0,45.0,0.367,12.0,70.0,0.75,60.0,0.0,1650.0,60.2,39.8,1.5,0.0,3.0,1.0,40.0,40.0,103.22,100.0
19901010.0,42,13,34522.0,1,1,1,1,1,1,2,1,1,1,2,816.0,2.0,6,5,1911.0,40.0,50.0,0.3,13.0,74.0,0.25,25.0,0.0,2500.0,58.8,41.2,2.0,0.0,2.5,0.5,30.0,40.0,114.29,100.0
19900926.0,43,22,36578.0,1,1,1,1,1,1,1,1,1,2,1,827.0,2.0,1,4,1911.0,35.0,48.0,0.3,14.5,74.0,0.75,20.0,0.0,2225.0,62.5,37.5,4.0,0.0,2.0,1.2,33.0,40.0,106.25,90.0
19900809.0,27,8,25433.0,3,1,1,1,1,2,2,1,1,1,1,821.0,7.0,1,5,1910.0,50.0,50.0,0.2,16.2,75.0,0.75,25.0,3.3,1850.0,54.9,41.8,2.0,0.0,2.7,0.9,40.0,35.0,100.0,100.0
19910614.0,44,15,35759.0,1,1,1,1,1,1,1,1,1,1,1,827.0,2.0,1,2,1910.0,45.0,69.0,0.267,15.6,72.0,0.75,21.0,5.6,2426.0,55.6,38.9,0.0,0.0,2.85,1.1,30.0,40.0,103.22,100.0
19900625.0,11,9,36058.0,1,1,1,1,1,1,1,1,1,3,1,824.0,6.0,1,2,1911.0,50.0,58.0,0.3,16.0,78.53903345724908,0.875,24.0,0.0,2200.0,58.8,41.2,0.0,0.0,1.2,0.6,30.0,42.0,93.75,100.0
19920920.0,45,14,34534.0,2,2,3,2,2,3,4,3,2,4,1,821.0,7.0,5,1,1906.7816091954023,45.1679012345679,56.0,0.3,14.1,82.0,0.625,40.0,5.780578512396692,1800.0,55.63853305785111,38.56764462809925,1.3193581780538302,0.03814432989690722,2.5,0.9,34.77525773195876,40.0,96.9,100.0
19900805.0,46,22,34493.0,1,1,1,1,1,1,1,1,1,2,2,816.0,2.0,1,1,1910.0,35.0,55.0,0.233,15.0,70.0,0.5,35.0,0.0,2000.0,58.8,41.2,0.0,0.0,2.5,1.5,30.0,35.0,100.0,100.0
19901102.0,47,6,36165.0,3,1,1,1,1,2,2,1,1,2,1,828.0,2.0,1,5,1910.0,65.0,43.0,0.2,16.0,78.0,0.75,30.0,12.0,2100.0,46.3,41.7,0.0,0.0,2.0,1.0,40.0,40.0,100.0,100.0
19900606.0,48,23,36024.0,3,1,1,1,1,1,2,1,1,2,2,815.0,2.0,1,2,1910.0,55.5,54.0,0.233,15.0,82.0,0.75,38.0,0.0,1800.0,58.8,41.2,0.0,0.0,2.0,1.0,33.0,35.0,100.0,100.0
19910923.0,49,24,39027.0,3,1,1,1,1,2,2,1,1,2,2,816.0,9.0,2,1,1910.0,50.0,60.0,0.267,16.0,78.0,0.5,28.0,4.5,1520.0,53.0,42.0,0.0,0.0,2.5,1.5,34.0,40.0,106.2,100.0
19900330.0,50,25,23040.0,3,3,1,1,1,2,2,1,1,2,1,821.0,7.0,1,1,1906.7816091954023,50.0,59.0,0.333,14.5,71.0,0.625,20.0,11.1,1650.0,55.5,33.3,0.0,0.0,2.5,1.0,40.0,39.056390977443606,103.03279135338333,100.0
19900507.0,51,12,47103.0,1,1,1,1,1,1,1,1,1,1,4,813.0,9.0,2,5,1910.0,40.0,54.0,0.233,15.59,89.0,1.0,30.907563025210084,1.2,1700.0,58.1,40.7,0.0,0.0,2.5,0.6,40.0,33.0,103.3,100.0
19910730.0,20,15,35761.0,1,1,1,1,1,1,1,1,1,1,1,828.0,9.0,1,1,1910.0,35.0,59.0,0.2,16.1,84.0,0.7243334970530452,30.0,0.0,2500.0,55.0,45.0,0.0,0.0,2.5,1.1,30.0,40.0,100.0,100.0
19910426.0,52,12,47203.0,3,1,1,1,1,2,2,1,1,1,3,802.0,2.0,2,5,1910.0,50.0,50.0,0.2,15.7,90.0,0.75,50.0,0.0,1420.0,62.5,37.5,0.0,0.0,3.0,1.35,40.0,40.0,106.45,100.0
19910610.0,53,9,37501.0,1,1,1,1,1,1,1,1,1,1,2,816.0,2.0,1,1,1910.0,45.1679012345679,56.0,0.3,16.02,84.0,0.25,30.0,5.3,2244.0,52.6,42.1,5.0,0.0,3.0,0.8,30.0,40.0,110.0,100.0
19900810.0,54,26,36776.0,3,1,1,1,1,2,2,1,3,1,3,802.0,2.0,6,5,1910.0,40.0,50.0,0.267,13.5,75.0,0.75,45.0,0.0,1700.0,58.8,41.2,0.0,0.0,3.0,0.6,40.0,35.0,100.0,100.0
19910304.0,55,6,37386.0,3,1,1,1,1,2,2,1,1,1,1,827.0,2.0,1,3,1910.0,40.0,47.0,0.333,24.5,78.0,0.875,30.0,8.8,2100.0,54.9,36.3,16.0,0.0,2.3,1.0,40.0,40.0,100.0,100.0
19910817.0,56,26,35529.0,3,1,1,1,1,2,2,1,1,1,3,802.0,2.0,6,1,1910.0,45.0,58.0,0.2,17.0,72.0,0.75,30.907563025210084,3.2,1470.0,53.8,43.0,0.0,0.0,3.0,1.0,34.0,40.0,100.0,100.0
19910924.0,57,24,39027.0,3,1,1,1,1,2,2,1,1,1,2,816.0,2.0,2,1,1911.0,50.0,65.0,0.27585742187500034,16.0,80.0,0.5,28.0,12.5,1550.0,50.0,37.5,0.0,0.0,2.5,1.5,34.0,40.0,106.45,100.0
19920208.0,58,6,34514.0,1,1,1,1,1,2,1,1,1,1,1,821.0,7.0,1,1,1910.0,40.0,39.0,0.2,15.0,83.0,0.625,30.0,0.0,2000.0,58.1,41.9,1.0,0.0,2.5,0.6,35.0,40.0,100.0,100.0
19941005.0,59,14,85813.0,2,2,3,2,2,3,4,2,2,3,1,827.0,9.0,3,1,1910.0,45.1679012345679,52.0,0.27585742187500034,18.0,82.0,1.0,25.0,5.780578512396692,1880.0,55.63853305785111,38.56764462809925,1.3193581780538302,0.03814432989690722,1.0,1.0,34.77525773195876,40.0,112.5,100.0
19901107.0,60,6,36166.0,1,1,1,1,1,2,1,1,1,2,1,828.0,2.0,1,5,1910.0,45.0,43.0,0.2,16.0,80.0,0.75,30.0,3.1,2200.0,51.0,45.9,0.0,0.0,2.5,1.3,35.0,40.0,103.33,100.0
19901115.0,16,13,34554.0,1,1,1,1,1,2,1,1,1,1,1,827.0,9.0,6,5,1911.0,45.0,42.0,0.333,14.0,75.0,1.0,20.0,0.0,1800.0,58.9,41.1,8.0,0.0,3.0,2.0,35.0,40.0,100.0,100.0
19900910.0,61,12,47105.0,3,1,1,1,1,1,1,1,1,1,4,813.0,10.0,2,5,1911.0,55.0,47.0,0.233,15.5,74.0,0.7243334970530452,30.907563025210084,0.0,1600.0,62.5,37.5,0.0,0.0,2.5,1.0,40.0,35.0,106.25,100.0
19910213.0,62,15,35752.0,1,1,1,1,1,1,1,1,1,1,1,824.0,9.0,1,2,1910.0,50.0,43.0,0.2,17.0,84.0,0.7243334970530452,35.0,0.0,2300.0,55.6,44.4,0.0,0.0,2.0,0.8,30.0,40.0,103.22,100.0
19910707.0,63,12,47204.0,3,1,1,1,1,1,1,1,1,1,4,813.0,9.0,2,5,1910.0,50.0,64.0,0.233,18.0,64.0,1.0,30.907563025210084,0.0,1300.0,62.5,37.5,0.0,0.0,3.0,1.0,40.0,40.0,106.45,100.0
19900710.0,64,12,47104.0,3,1,1,1,1,1,1,1,1,1,4,813.0,10.0,2,5,1911.0,55.0,56.0,0.4,15.0,87.0,0.75,30.907563025210084,0.0,1250.0,62.5,37.5,0.0,0.0,2.5,1.0,40.0,40.0,96.8,100.0
19910614.0,65,9,37501.0,1,1,1,1,1,1,1,1,1,1,2,815.0,2.0,1,2,1910.0,30.0,69.0,0.3,16.0,98.0,0.75,35.0,0.0,2050.0,62.5,37.5,0.0,0.0,2.75,1.0,33.0,40.0,100.0,100.0
19900626.0,66,8,25427.0,3,1,1,1,1,2,2,1,1,2,1,821.0,7.0,1,5,1910.0,55.0,49.0,0.233,15.6,80.0,1.0,30.0,35.8,1950.0,41.7,22.5,1.0,0.0,2.7,1.0,40.0,37.0,100.0,100.0
19910208.0,67,27,37080.0,1,1,1,1,1,1,1,1,1,2,1,828.0,2.0,1,1,1911.0,40.0,47.0,0.333,17.0,78.0,0.75,35.0,0.0,2400.0,58.8,41.2,4.0,0.0,2.5,1.0,30.0,40.0,100.0,100.0
19920326.0,68,15,34294.0,1,1,3,2,1,1,1,1,2,1,1,821.0,2.0,1,1,1910.0,35.0,48.0,0.267,16.0,72.0,0.75,20.0,5.780578512396692,1650.0,55.63853305785111,38.56764462809925,1.3193581780538302,0.03814432989690722,1.5,1.1,34.77525773195876,40.0,83.33,100.0
19910123.0,69,28,35521.0,3,1,1,1,1,2,2,1,1,1,4,813.0,5.0,2,2,1910.0,60.0,38.0,0.267,16.4,64.0,0.75,30.907563025210084,11.0,1400.0,54.9,34.1,0.0,0.0,2.5,1.0,32.0,40.0,103.22,100.0
19900710.0,70,12,47104.0,3,1,1,1,1,2,2,1,3,1,4,813.0,5.0,2,5,1911.0,50.0,56.0,0.333,14.6,74.0,0.75,30.907563025210084,7.5,1400.0,53.8,38.7,0.0,4.0,2.4,0.8,40.0,40.0,96.8,100.0
19930421.0,71,29,37392.0,2,2,3,2,2,5,4,2,2,4,1,824.0,2.0,1,5,1906.7816091954023,45.1679012345679,51.03177570093458,0.27585742187500034,15.359795158286786,78.53903345724908,0.7243334970530452,30.907563025210084,5.780578512396692,1823.359168241966,55.63853305785111,38.56764462809925,1.3193581780538302,0.03814432989690722,2.4009380863039405,0.9875939849624058,34.77525773195876,39.056390977443606,103.03279135338333,99.59888059701493
19930624.0,72,14,85741.0,2,2,3,2,2,5,4,2,2,3,3,816.0,2.0,3,1,1911.0,45.1679012345679,51.03177570093458,0.3,15.0,80.0,0.5,30.0,5.780578512396692,2020.0,55.63853305785111,38.56764462809925,1.3193581780538302,0.03814432989690722,2.9,0.5,34.77525773195876,40.0,110.3,100.0
19910220.0,73,5,35870.0,1,1,2,1,1,1,1,1,1,2,1,824.0,2.0,1,2,1910.0,40.0,46.0,0.2,15.0,68.0,0.75,28.0,0.0,1700.0,58.8,41.2,0.0,0.0,1.0,1.0,33.0,40.0,103.22,100.0
19910307.0,74,12,47202.0,3,1,1,1,1,2,2,1,1,1,4,813.0,1.0,2,5,1910.0,52.5,45.0,0.2,15.3,72.0,0.75,30.907563025210084,12.4,1600.0,51.5,36.1,0.0,0.0,2.5,1.0,40.0,40.0,109.67,100.0
19910130.0,75,6,37352.0,1,1,1,1,1,2,1,1,1,1,1,827.0,9.0,1,6,1911.0,50.0,45.0,0.3,15.0,76.0,1.0,30.0,8.0,2150.0,57.5,34.5,0.0,0.0,2.5,1.0,35.0,40.0,107.4,100.0
19910629.0,76,30,37938.0,3,1,1,1,1,2,2,1,1,1,2,816.0,2.0,2,2,1910.0,60.0,66.0,0.2,14.5,85.0,0.25,30.907563025210084,0.0,1823.359168241966,62.2,37.8,0.0,0.0,2.5,1.0,34.0,40.0,106.45,100.0
19910402.0,77,8,25515.0,3,1,1,1,1,2,2,1,1,1,1,821.0,7.0,1,5,1911.0,42.5,46.0,0.3,14.0,77.0,0.625,42.0,15.8,1850.0,49.5,34.6,8.0,0.0,1.5,0.8,34.0,40.0,100.0,100.0
19910617.0,78,24,37990.0,3,1,1,1,1,2,2,1,1,1,4,813.0,1.0,2,5,1910.0,50.0,66.0,0.233,16.0,87.0,1.0,30.907563025210084,11.1,1530.0,55.6,33.3,0.0,0.0,2.5,1.0,34.0,40.0,100.0,100.0
19910111.0,79,6,37351.0,1,1,1,1,1,2,1,1,1,1,2,816.0,2.0,1,1,1910.0,50.0,46.0,0.3,17.0,80.0,0.75,30.0,0.0,2100.0,57.5,42.5,5.0,0.0,2.3,0.6,35.0,40.0,106.67,100.0
19901119.0,80,31,34781.0,1,1,1,1,1,2,1,1,1,1,2,816.0,9.0,1,5,1910.0,70.0,43.0,0.233,16.0,77.0,0.8175,28.0,15.9,2125.0,46.5,37.6,3.0,0.0,1.75,0.6,33.0,40.0,100.0,100.0
19900418.0,81,9,36053.0,1,1,1,1,1,1,1,1,1,1,2,815.0,9.0,1,2,1910.0,45.0,42.0,0.233,15.0,76.0,0.75,30.0,0.0,2220.0,58.8,41.2,0.0,0.0,2.5,1.0,30.0,35.0,100.0,100.0
19900625.0,82,32,34092.0,3,1,1,1,1,2,2,1,1,1,2,815.0,2.0,2,1,1910.0,65.0,49.0,0.333,13.5,82.0,0.625,30.0,0.0,1350.0,68.2,31.8,1.0,0.0,2.5,1.0,38.0,37.0,103.2,100.0
19910804.0,83,6,37371.0,1,1,1,1,1,2,1,1,1,2,2,816.0,2.0,1,1,1910.0,40.0,58.0,0.2,15.5,84.0,0.375,25.0,9.0,2000.0,52.8,38.2,5.0,0.0,3.0,1.1,35.0,40.0,103.125,100.0
19910104.0,84,30,38039.0,3,1,1,1,1,2,2,1,1,1,2,816.0,2.0,2,5,1910.0,50.0,40.0,0.267,16.8,76.0,0.4375,28.0,8.6,1467.0,53.8,37.6,5.0,0.0,2.5,0.8,40.0,40.0,103.87,100.0
19910603.0,85,6,37365.0,1,1,1,1,1,2,1,1,1,2,1,827.0,2.0,1,2,1911.0,37.5,70.0,0.333,14.9,64.0,0.75,28.0,3.4,1500.0,57.5,39.1,0.0,0.0,2.5,1.0,40.0,40.0,106.89,100.0
19910730.0,86,8,25532.0,3,1,1,1,1,2,2,1,1,1,1,821.0,2.0,1,1,1910.0,40.0,59.0,0.25,15.0,80.0,0.75,40.0,13.3,1750.0,51.0,35.7,0.0,0.0,2.2,0.7,34.0,40.0,100.0,100.0
19900507.0,87,12,47103.0,3,1,1,1,1,2,2,1,1,1,3,802.0,2.0,2,5,1910.0,72.5,54.0,0.2,14.5,82.0,0.75,50.0,2.2,1900.0,56.7,41.6,0.0,0.0,3.0,0.9,40.0,33.0,100.0,100.0
19910430.0,88,8,25519.0,3,1,1,1,1,2,2,1,1,2,1,821.0,7.0,1,5,1910.0,52.0,64.0,0.4,15.5,82.0,0.625,30.0,0.0,1800.0,71.4,28.6,4.0,0.0,2.5,0.9,34.0,40.0,103.125,100.0
19941001.0,89,33,38240.0,2,2,3,2,2,5,4,2,2,5,1,828.0,2.0,3,1,1911.0,45.1679012345679,51.03177570093458,0.27585742187500034,16.0,83.0,0.7243334970530452,28.0,5.780578512396692,2400.0,55.63853305785111,38.56764462809925,1.3193581780538302,0.03814432989690722,2.5,1.0,34.77525773195876,40.0,112.5,100.0
19910426.0,90,34,37994.0,3,1,1,1,1,2,2,1,1,2,1,821.0,7.0,1,5,1911.0,55.0,56.0,0.233,15.0,84.0,0.625,25.0,16.7,1850.0,52.1,31.3,4.0,0.0,2.0,0.6,34.0,40.0,103.125,100.0
19910117.0,91,9,37340.0,1,1,1,1,1,1,1,1,1,1,1,824.0,2.0,1,2,1911.0,30.0,43.0,0.2,16.3,70.0,0.8125,25.0,1.2,2200.0,58.1,40.7,4.0,0.0,2.0,1.0,30.0,40.0,96.875,100.0
19910302.0,92,10,35457.0,1,1,1,1,1,1,1,1,1,1,1,828.0,9.0,1,2,1910.0,35.0,39.0,0.2,16.2,84.0,1.0,30.0,0.0,2100.0,62.5,37.5,4.0,0.0,2.0,0.9,30.0,40.0,94.117,100.0
19910130.0,93,35,37571.0,1,1,1,1,1,1,1,1,4,2,1,824.0,2.0,1,2,1911.0,50.0,45.0,0.233,16.0,70.0,0.8125,30.0,0.0,2400.0,58.8,41.2,0.0,0.0,1.7,1.0,30.0,40.0,107.4,100.0
19920603.0,94,5,34157.0,1,1,3,2,1,2,2,1,2,1,1,824.0,2.0,1,1,1910.0,40.0,57.0,0.3,16.0,86.0,0.8125,30.0,5.780578512396692,1700.0,55.63853305785111,38.56764462809925,1.3193581780538302,0.03814432989690722,2.5,1.0,34.77525773195876,40.0,102.94,100.0
19910117.0,95,36,35539.0,3,1,1,1,1,2,2,1,1,1,1,821.0,2.0,1,5,1911.0,50.0,43.0,0.267,16.0,75.0,1.0,20.0,15.8,1600.0,49.5,34.7,0.0,0.0,2.5,1.0,38.0,40.0,103.22,100.0
19910607.0,96,6,37365.0,1,1,1,1,1,2,1,1,1,1,1,827.0,9.0,1,5,1910.0,42.5,58.0,0.4,15.0,76.0,1.0,20.0,5.4,2000.0,54.3,40.2,0.0,0.0,2.5,1.0,35.0,40.0,103.33,100.0
19901106.0,97,12,47106.0,3,1,1,1,1,2,2,1,1,2,3,802.0,7.0,2,5,1910.0,40.0,45.0,0.233,13.6,90.0,0.75,45.0,0.0,1386.0,62.5,37.5,0.0,0.0,3.0,0.7,40.0,40.0,96.77,100.0
19911103.0,98,5,35880.0,1,1,2,1,1,1,1,1,1,3,2,816.0,2.0,1,1,1910.0,40.0,40.0,0.27585742187500034,15.7,85.0,0.3125,27.0,4.3,2050.0,53.2,42.5,1.0,0.0,2.5,1.5,30.0,40.0,103.13,100.0
19900705.0,99,8,25428.0,3,1,1,1,1,2,2,1,1,1,1,821.0,2.0,1,5,1911.0,45.0,47.0,0.2,14.0,80.0,0.75,20.0,18.0,1800.0,45.0,37.0,0.0,0.0,2.5,0.8,40.0,40.0,96.9,100.0
19910917.0,100,37,37575.0,1,1,1,1,1,1,1,1,1,1,1,824.0,2.0,1,1,1910.0,30.0,51.03177570093458,0.3,17.0,78.0,0.8125,30.0,0.0,1700.0,58.8,41.2,0.0,0.0,2.5,1.2,30.0,40.0,106.25,100.0
19910306.0,101,6,37386.0,2,1,1,1,1,2,2,1,1,1,1,827.0,2.0,1,3,1910.0,45.1679012345679,48.0,0.233,14.0,80.0,0.75,30.0,0.0,2000.0,62.5,37.5,0.0,0.0,2.4009380863039405,0.9875939849624058,40.0,40.0,109.67,100.0
19930205.0,102,38,35502.0,2,2,3,2,2,3,4,2,2,4,3,815.0,2.0,5,1,1910.0,45.1679012345679,35.0,0.3,16.2,88.0,0.5,28.0,5.780578512396692,1750.0,55.63853305785111,38.56764462809925,1.3193581780538302,0.03814432989690722,2.3,1.0,34.77525773195876,40.0,106.0,100.0
19900706.0,103,39,34583.0,1,1,1,1,1,1,1,1,1,1,1,827.0,2.0,1,2,1911.0,45.0,55.0,0.2,14.0,73.0,0.75,30.0,0.0,2100.0,61.1,38.9,0.0,0.0,2.5,0.8,33.0,40.0,96.8,100.0
19910416.0,104,8,25517.0,3,1,1,1,1,2,2,1,1,2,1,821.0,7.0,1,5,1911.0,55.0,53.0,0.3,14.2,72.0,0.625,25.0,22.7,1750.0,45.5,31.8,1.0,0.0,2.4,0.9,34.0,40.0,103.125,100.0
19910314.0,74,12,47202.0,3,1,1,1,1,2,2,1,1,1,4,813.0,1.0,2,5,1906.7816091954023,52.5,37.0,0.2,15.0,66.0,0.75,30.907563025210084,13.3,1600.0,55.6,42.2,0.0,0.0,2.4,0.8,40.0,40.0,100.0,100.0
19901215.0,105,40,34099.0,3,1,1,1,1,2,2,1,1,2,3,802.0,2.0,2,5,1910.0,45.0,41.0,0.267,13.3,70.0,0.75,50.0,0.0,1700.0,60.2,39.8,0.0,0.0,3.0,0.8,38.0,40.0,117.85,100.0
19901014.0,106,5,34756.0,1,1,2,1,1,1,1,1,1,1,1,824.0,9.0,1,2,1911.0,30.0,54.0,0.27585742187500034,14.9,72.0,1.25,30.0,3.6,2100.0,60.2,36.1,1.5,0.0,2.5,1.2,30.0,40.0,114.29,100.0
19901124.0,107,5,34259.0,1,1,2,1,1,1,1,1,1,2,2,815.0,1.0,6,2,1911.0,40.0,47.0,0.267,15.0,88.0,0.5,34.0,0.0,1700.0,62.5,37.5,0.0,0.0,0.0,0.0,30.0,40.0,100.0,100.0
19900825.0,108,39,38013.0,1,1,1,1,1,2,1,1,1,1,1,824.0,9.0,1,1,1910.0,45.0,55.0,0.3,16.1,82.0,0.75,30.0,0.0,2400.0,58.8,41.2,0.0,0.0,2.0,0.8,30.0,45.0,93.75,100.0
19930928.0,109,41,37191.0,2,2,3,2,2,4,3,2,2,4,3,815.0,9.0,4,1,1910.0,45.1679012345679,55.0,0.2,17.0,95.0,0.625,27.0,5.780578512396692,1600.0,55.63853305785111,38.56764462809925,1.3193581780538302,0.03814432989690722,2.5,1.0,34.77525773195876,40.0,106.25,100.0
19930514.0,110,42,47403.0,2,2,3,2,2,4,3,2,2,4,3,816.0,2.0,4,1,1911.0,45.1679012345679,52.0,0.2,16.0,75.0,0.3125,25.0,5.780578512396692,1500.0,55.63853305785111,38.56764462809925,1.3193581780538302,0.03814432989690722,2.5,0.6,34.77525773195876,40.0,109.1,100.0
19910614.0,111,15,37579.0,1,1,1,1,1,1,1,1,1,1,1,827.0,9.0,1,2,1910.0,45.0,69.0,0.267,16.1,76.0,0.75,22.0,5.6,2426.0,55.6,38.9,0.0,0.0,2.7,0.7,30.0,40.0,103.22,100.0
19940904.0,112,43,71331.0,2,2,3,2,2,3,4,2,2,3,1,824.0,2.0,3,1,1911.0,45.1679012345679,54.0,0.27585742187500034,15.5,78.0,0.8125,30.0,5.780578512396692,2100.0,55.63853305785111,38.56764462809925,1.3193581780538302,0.03814432989690722,1.2,1.0,34.77525773195876,40.0,97.05,100.0
19901218.0,113,13,34556.0,1,1,1,1,1,1,1,1,1,1,2,816.0,2.0,6,2,1910.0,37.5,50.0,0.27585742187500034,15.5,95.0,0.625,26.0,0.0,2350.0,62.5,37.5,1.0,0.0,2.6,0.6,30.0,40.0,106.45,100.0
19920531.0,114,44,34763.0,3,1,3,2,1,2,2,1,2,1,1,824.0,2.0,1,1,1910.0,55.0,54.0,0.3,17.5,82.0,0.8125,28.0,5.780578512396692,1600.0,55.63853305785111,38.56764462809925,1.3193581780538302,0.03814432989690722,2.5,1.0,34.77525773195876,40.0,102.94,100.0
19900719.0,115,9,36066.0,1,1,1,1,1,1,1,1,1,1,1,827.0,2.0,1,2,1911.0,40.0,54.0,0.367,15.0,78.0,0.75,20.0,0.0,2500.0,61.1,38.9,0.0,0.0,2.5,0.7,30.0,40.0,100.0,100.0
19901008.0,116,39,34587.0,1,1,1,1,1,1,1,1,1,2,1,827.0,9.0,1,2,1911.0,30.0,53.0,0.3,15.0,80.0,0.75,30.0,15.0,2290.0,50.0,35.0,0.0,0.0,2.5,1.0,33.0,40.0,110.7,100.0
19900810.0,117,26,36776.0,3,1,1,1,1,2,2,1,3,1,3,802.0,7.0,2,5,1910.0,45.0,50.0,0.2,14.5,70.0,0.75,42.0,5.3,1700.0,52.6,42.1,0.0,0.0,3.0,0.8,40.0,45.0,100.0,100.0
19910223.0,118,45,37335.0,3,1,1,1,1,2,2,1,1,1,1,827.0,2.0,1,5,1911.0,47.5,41.0,0.233,16.5,72.0,0.75,20.0,14.1,1300.0,50.5,35.4,4.0,0.0,2.5,1.0,50.0,40.0,96.97,100.0
19900426.0,119,13,34545.0,1,1,1,1,1,2,1,1,1,2,1,827.0,9.0,1,2,1910.0,40.0,48.0,0.3,15.0,82.0,1.0,35.0,0.0,1720.0,59.3,40.7,0.0,0.0,1.5,1.5,32.0,33.0,100.0,100.0
19900417.0,120,46,36858.0,3,1,1,1,1,2,2,1,1,1,3,802.0,2.0,2,5,1910.0,47.5,52.0,0.267,14.3,98.0,0.75,55.0,11.7,1600.0,53.2,35.1,0.0,0.0,3.0,1.0,40.0,33.0,100.0,100.0
19910507.0,121,12,47203.0,3,1,1,1,1,2,2,1,1,2,3,802.0,2.0,2,5,1910.0,50.0,55.0,0.233,13.86,70.0,0.625,47.0,10.2,1635.0,51.0,38.8,0.0,0.0,3.0,1.0,40.0,40.0,100.0,100.0
19920114.0,122,12,47301.0,1,1,1,1,1,2,2,1,1,1,2,816.0,2.0,2,1,1911.0,45.1679012345679,43.0,0.2,15.2,78.0,0.75,32.0,8.2,1500.0,51.0,40.8,2.0,0.0,2.7,1.8,40.0,40.0,106.25,100.0
19901120.0,123,12,47106.0,3,1,1,1,1,2,2,1,1,1,3,802.0,2.0,2,5,1911.0,40.0,46.0,0.3,15.0,70.0,0.75,50.0,0.0,1800.0,53.9,46.1,0.0,0.0,2.5,1.0,40.0,40.0,100.0,100.0
19910622.0,124,26,35528.0,3,1,1,1,1,2,2,1,1,1,2,816.0,2.0,6,5,1910.0,40.0,68.0,0.3,14.0,88.0,0.75,32.0,0.0,1742.0,60.0,40.0,3.0,0.0,2.5,1.0,40.0,40.0,103.125,100.0
19910502.0,125,12,47203.0,3,1,1,1,1,1,1,1,1,2,4,813.0,9.0,2,5,1910.0,55.0,55.0,0.3,16.3,100.0,1.0,30.907563025210084,0.0,1650.0,58.8,41.2,0.0,0.0,2.4009380863039405,0.9875939849624058,40.0,40.0,106.66,100.0
19920408.0,126,47,37998.0,1,1,3,2,1,2,1,1,2,3,2,815.0,2.0,7,1,1910.0,30.0,50.0,0.233,16.1,79.0,0.625,25.0,5.780578512396692,1400.0,55.63853305785111,38.56764462809925,1.3193581780538302,0.03814432989690722,2.5,1.0,34.77525773195876,40.0,106.0,100.0
19910309.0,6,6,37386.0,2,1,1,1,1,2,2,1,1,1,1,827.0,2.0,1,3,1911.0,45.1679012345679,43.0,0.267,14.2,68.0,0.75,18.0,0.0,2000.0,62.5,37.5,0.0,0.0,2.5,1.2,40.0,40.0,106.45,100.0
19910810.0,127,48,37001.0,3,1,1,1,1,2,2,1,1,1,3,802.0,7.0,2,1,1911.0,50.0,62.0,0.267,11.2,80.0,0.7243334970530452,50.0,0.0,1570.0,58.8,41.2,0.0,0.0,3.0,1.0,38.0,40.0,103.23,100.0
19901209.0,128,49,34692.0,1,1,1,1,1,1,2,1,1,2,1,824.0,2.0,1,2,1910.0,45.0,42.0,0.3,15.0,70.0,0.8125,40.0,0.0,1500.0,58.8,41.2,3.0,0.0,2.0,1.0,30.0,40.0,100.0,100.0
19900409.0,129,10,34683.0,1,1,1,1,1,1,1,1,1,1,2,815.0,2.0,1,5,1910.0,40.0,38.0,0.3,16.0,92.0,0.625,25.0,1.1,1900.0,53.8,45.2,0.0,0.0,2.5,1.0,30.0,33.0,100.0,100.0
19920808.0,130,17,36567.0,2,2,3,2,2,4,3,3,2,5,3,816.0,2.0,4,1,1910.0,45.1679012345679,62.0,0.333,14.5,84.0,0.7243334970530452,23.0,5.780578512396692,1200.0,55.63853305785111,38.56764462809925,1.3193581780538302,0.03814432989690722,2.5,0.9875939849624058,34.77525773195876,40.0,103.22,100.0
19900811.0,131,22,34493.0,1,1,1,1,1,1,2,1,1,2,2,816.0,2.0,1,5,1911.0,45.1679012345679,54.0,0.2,14.0,80.0,0.3125,34.0,3.4,1900.0,56.8,39.8,0.0,0.0,2.5,1.3,30.0,40.0,106.7,100.0
19900625.0,95,9,36058.0,1,1,1,1,1,1,1,1,1,3,1,824.0,2.0,1,2,1911.0,50.0,58.0,0.333,15.5,75.0,0.8125,24.0,0.0,2200.0,58.8,41.2,0.0,0.0,1.5,0.6,30.0,42.0,100.0,100.0
19930113.0,132,42,47401.0,2,2,3,2,2,4,3,3,2,4,3,816.0,2.0,4,1,1911.0,45.1679012345679,46.0,0.3,17.0,80.0,0.25,25.0,5.780578512396692,1700.0,55.63853305785111,38.56764462809925,1.3193581780538302,0.03814432989690722,2.5,1.5,34.77525773195876,30.0,117.7,95.0
19900825.0,133,39,38013.0,1,1,1,1,1,2,1,1,1,1,1,824.0,2.0,1,1,1910.0,40.0,55.0,0.533,15.4,80.0,0.8125,30.0,10.2,2400.0,51.0,38.8,0.0,0.0,1.7,0.7,30.0,45.0,93.75,100.0
19900606.0,134,23,36024.0,3,1,1,1,1,1,2,1,1,2,2,815.0,9.0,1,2,1910.0,52.5,54.0,0.433,16.3,90.0,0.75,38.0,0.0,1800.0,62.5,38.5,0.0,0.0,2.9,1.1,33.0,35.0,100.0,100.0
19900621.0,135,50,36846.0,3,1,1,1,1,2,5,1,1,1,3,802.0,7.0,2,5,1910.0,50.0,59.0,0.367,13.0,92.0,0.625,49.0,0.0,1300.0,58.8,41.2,0.0,0.0,3.0,1.1,40.0,35.0,100.0,100.0
19900710.0,136,12,47104.0,3,1,1,1,1,2,2,1,1,1,3,802.0,2.0,2,5,1910.0,40.0,56.0,0.3,16.5,80.0,0.7243334970530452,45.0,20.3,1400.0,44.2,35.5,0.0,0.0,3.0,0.6,40.0,35.0,100.0,100.0
19910322.0,137,31,38051.0,1,1,1,1,1,2,1,1,1,1,2,816.0,9.0,1,1,1910.0,55.0,49.0,0.2,15.6,74.0,0.75,24.0,0.0,1650.0,58.8,41.2,0.0,0.0,2.5,1.7,33.0,40.0,103.33,100.0
19910712.0,82,4,24780.0,1,1,1,1,1,2,1,1,1,1,2,816.0,2.0,2,1,1911.0,47.5,65.0,0.2,15.7,87.0,0.25,30.907563025210084,5.6,1725.0,55.6,38.9,3.0,0.0,3.0,0.85,34.0,40.0,103.125,100.0
19901102.0,138,39,34588.0,1,1,1,1,1,1,1,1,1,1,2,815.0,2.0,1,2,1910.0,40.0,43.0,0.267,17.2,78.0,0.9375,30.907563025210084,1.0,2180.0,58.3,40.7,2.0,0.0,2.4,0.8,33.0,40.0,96.77,100.0
19900921.0,139,13,34551.0,1,1,1,1,1,1,1,1,1,1,2,815.0,1.0,6,2,1910.0,35.0,72.0,0.367,15.2,72.0,1.0,36.0,0.0,2200.0,65.2,34.8,0.0,0.0,2.5,1.0,30.0,40.0,93.6,90.0
19910404.0,140,16,37081.0,1,1,2,1,1,1,1,1,1,1,1,828.0,1.0,1,2,1911.0,35.0,44.0,0.2,15.5,100.0,0.875,30.0,0.0,2200.0,53.2,46.8,0.0,0.0,0.0,0.0,30.0,40.0,100.0,100.0
19901023.0,141,9,36059.0,2,3,1,1,1,1,1,1,1,1,2,815.0,2.0,1,2,1906.7816091954023,45.1679012345679,42.0,0.27585742187500034,16.1,73.0,0.625,30.0,0.0,2000.0,61.9,38.1,0.0,0.0,2.8,1.0,30.0,39.056390977443606,103.03279135338333,99.59888059701493
19910724.0,142,28,35522.0,3,1,1,1,1,2,2,1,1,2,3,802.0,2.0,2,1,1911.0,40.0,65.0,0.2,15.0,80.0,0.625,50.0,10.4,1640.0,47.2,42.4,1.0,0.0,3.0,1.5,32.0,40.0,103.13,100.0
19900507.0,143,12,47103.0,3,1,1,1,1,2,2,1,1,1,4,813.0,1.0,2,5,1910.0,55.0,54.0,0.233,13.23,79.0,1.0,30.907563025210084,18.9,1700.0,47.2,34.0,0.0,0.0,2.0,0.6,40.0,33.0,100.0,100.0
19910524.0,144,15,35758.0,1,1,1,1,1,1,1,1,1,1,1,828.0,2.0,1,2,1910.0,40.0,62.0,0.267,16.0,84.0,0.9375,32.0,0.0,2200.0,58.8,41.2,4.0,0.0,1.4,1.0,30.0,40.0,106.45,100.0
19910524.0,145,51,37915.0,1,1,1,1,1,1,1,1,1,1,2,815.0,2.0,1,1,1910.0,50.0,62.0,0.4,15.4,98.0,0.75,25.0,10.6,1750.0,48.1,41.3,0.0,0.0,2.8,1.3,33.0,40.0,110.0,100.0
19910212.0,146,21,37869.0,1,1,1,1,1,2,1,1,1,1,2,815.0,9.0,2,5,1911.0,37.5,44.0,0.3,15.0,85.0,0.75,34.0,0.0,1400.0,62.5,37.5,0.0,0.0,2.8,1.0,28.0,40.0,103.12,100.0
19941004.0,147,14,85813.0,2,2,3,2,2,3,3,2,2,4,1,828.0,2.0,3,1,1910.0,45.1679012345679,53.0,0.27585742187500034,17.0,73.0,0.75,35.0,5.780578512396692,2100.0,55.63853305785111,38.56764462809925,1.3193581780538302,0.03814432989690722,2.6,1.3,34.77525773195876,40.0,113.3,100.0
19900909.0,148,12,47105.0,3,1,1,3,1,2,2,1,1,2,2,816.0,9.0,2,5,1910.0,65.0,50.0,0.267,15.0,86.0,0.25,28.0,10.5,1700.0,52.6,36.8,2.0,0.0,2.5,0.6,40.0,40.0,103.3,100.0
19900727.0,149,52,36644.0,3,1,1,1,1,2,2,1,1,2,3,802.0,2.0,2,5,1910.0,60.0,53.0,0.3,18.0,103.0,0.625,50.0,22.1,1600.0,41.0,36.9,0.0,0.0,3.0,0.7,40.0,35.0,105.2,100.0
19900819.0,150,53,38016.0,3,1,1,1,1,2,2,1,1,1,4,813.0,1.0,2,1,1910.0,45.0,56.0,0.3,15.5,78.0,0.75,30.907563025210084,11.1,1350.0,55.5,33.3,0.0,0.0,2.2,0.9,28.0,35.0,100.0,100.0
19910809.0,151,54,39200.0,3,1,1,1,1,2,2,1,1,2,2,815.0,2.0,2,1,1910.0,40.0,68.0,0.2,14.8,90.0,1.0,30.0,0.0,1440.0,58.8,41.2,0.0,0.0,2.5,1.0,40.0,40.0,103.13,100.0
19910104.0,152,12,47201.0,3,1,1,1,1,2,1,1,1,1,2,815.0,9.0,2,5,1906.7816091954023,62.0,40.0,0.433,16.0,80.0,0.7243334970530452,30.0,6.5,1850.0,53.8,39.8,0.0,0.0,2.8,0.9,40.0,40.0,103.87,100.0
19900606.0,153,8,25424.0,3,3,1,1,1,2,2,1,3,1,1,821.0,2.0,1,5,1906.7816091954023,40.0,54.0,0.27585742187500034,14.6,85.0,0.7243334970530452,20.0,21.7,1850.0,43.5,34.8,0.0,0.0,2.5,0.8,40.0,39.056390977443606,103.03279135338333,100.0
19910430.0,154,10,35458.0,1,1,1,1,1,1,1,1,1,1,2,816.0,9.0,1,2,1910.0,40.0,64.0,0.2,15.5,85.0,1.0,26.0,0.0,2400.0,58.8,41.2,0.0,0.0,2.5,1.0,30.0,40.0,103.125,100.0
19900708.0,155,30,36784.0,3,1,1,1,1,2,2,1,1,2,2,815.0,2.0,2,5,1910.0,50.0,58.0,0.367,13.5,100.0,0.75,35.0,0.0,1750.0,55.5,44.5,3.0,0.0,2.7,0.5,40.0,35.0,100.0,100.0
19900821.0,156,55,34066.0,3,1,1,1,1,2,2,1,1,2,3,802.0,7.0,2,2,1910.0,52.5,55.0,0.333,14.0,70.0,0.625,55.0,7.9,1600.0,57.5,34.44,4.0,0.0,3.0,0.8,40.0,45.0,93.75,100.0
19910505.0,157,12,47203.0,3,1,1,1,1,2,2,1,1,1,4,813.0,5.0,2,5,1910.0,50.0,52.0,0.3,17.0,69.0,0.75,30.907563025210084,0.0,1700.0,58.8,41.2,0.0,0.0,2.2,0.9,40.0,40.0,106.66,100.0
19941010.0,158,14,85814.0,2,2,3,2,2,3,4,2,2,3,1,828.0,2.0,3,1,1910.0,45.1679012345679,46.0,0.267,16.4,76.0,1.0,34.0,5.780578512396692,1903.0,55.63853305785111,38.56764462809925,1.3193581780538302,0.03814432989690722,1.5,2.3,34.77525773195876,40.0,108.0,100.0
19900514.0,148,12,47103.0,3,1,1,1,1,2,2,1,1,1,2,816.0,9.0,2,5,1910.0,47.5,63.0,0.3,16.4,84.0,0.5,27.0,20.7,1800.0,41.3,38.0,5.0,0.0,2.6,0.3,40.0,33.0,96.7,100.0
19910609.0,159,6,37365.0,1,1,1,1,1,2,1,1,1,1,2,815.0,9.0,1,5,1911.0,35.0,62.0,0.4,14.5,94.0,1.0,35.0,0.0,1900.0,63.3,36.7,0.0,0.0,2.5,1.0,35.0,40.0,106.89,100.0
19901230.0,64,12,48201.0,3,1,1,1,1,2,2,1,1,1,2,815.0,2.0,2,5,1911.0,62.0,52.0,0.433,15.0,78.0,0.75,28.0,5.9,1400.0,58.8,35.3,4.0,0.0,2.5,0.8,40.0,40.0,103.22,100.0
19901004.0,160,6,36197.0,1,1,1,1,1,2,2,1,1,1,2,815.0,2.0,1,4,1911.0,47.5,58.0,0.333,14.0,85.0,0.75,28.0,16.5,1800.0,48.5,35.0,0.0,0.0,2.5,0.5,35.0,40.0,114.3,100.0
19910729.0,146,47,37965.0,1,1,1,1,1,2,1,1,1,2,2,816.0,9.0,2,1,1910.0,55.0,61.0,0.283,21.0,78.0,1.0,28.0,0.0,1500.0,58.8,41.2,3.0,0.0,2.5,0.7,35.0,40.0,100.0,100.0
19910423.0,154,10,35458.0,1,1,1,1,1,1,1,1,1,2,2,816.0,9.0,1,2,1910.0,40.0,56.0,0.233,16.5,79.0,0.5,28.0,0.0,2300.0,60.2,39.8,0.0,0.0,2.5,1.5,30.0,40.0,106.45,100.0
19901209.0,161,25,23048.0,3,1,1,1,1,2,2,1,1,1,1,821.0,2.0,1,1,1910.0,40.0,42.0,0.333,16.0,78.0,0.625,20.0,0.0,1550.0,62.5,37.5,0.0,0.0,2.5,1.0,40.0,40.0,106.25,100.0
19900726.0,162,52,36644.0,3,1,1,1,1,2,2,1,1,2,3,802.0,7.0,2,5,1910.0,57.5,53.0,0.367,14.5,70.0,0.625,58.0,20.2,1600.0,42.0,37.8,3.0,0.0,3.0,1.0,40.0,35.0,105.2,100.0
19910712.0,163,4,24780.0,1,1,1,1,1,2,1,1,1,1,2,816.0,9.0,2,1,1911.0,47.5,65.0,0.2,14.0,80.0,0.5,27.0,11.5,1725.0,52.1,36.4,3.0,0.0,3.0,0.9,34.0,40.0,103.125,100.0
19910822.0,164,26,35529.0,3,1,1,1,1,2,2,1,1,1,3,802.0,7.0,6,1,1911.0,47.5,58.0,0.217,13.1,70.0,0.7243334970530452,55.0,10.0,1660.0,50.0,40.0,0.0,0.0,2.9,1.0,34.0,40.0,96.88,100.0
19901215.0,165,56,35525.0,3,1,1,1,1,2,2,1,1,2,2,815.0,9.0,2,5,1910.0,40.0,54.0,0.3,14.8,87.0,0.7243334970530452,29.0,0.0,1000.0,58.8,41.2,0.0,0.0,2.9,1.0,40.0,40.0,106.45,100.0
19900723.0,166,28,35683.0,3,1,1,1,1,2,2,1,1,2,3,802.0,7.0,2,5,1911.0,62.5,61.0,0.3,14.0,85.0,0.75,50.0,3.5,1660.0,56.8,39.7,2.0,0.0,3.0,1.0,32.0,40.0,93.75,100.0
19900622.0,167,57,36846.0,1,1,1,1,1,2,2,1,1,2,3,802.0,2.0,2,5,1910.0,65.0,65.0,0.4,14.0,100.0,0.75,40.0,7.0,1200.0,58.1,34.9,0.0,0.0,2.5,1.0,40.0,35.0,100.0,100.0
19910409.0,168,47,37822.0,1,1,1,1,1,2,5,1,1,1,2,816.0,2.0,2,5,1911.0,40.0,54.0,0.2,15.4,78.0,0.5,34.0,5.7,1736.0,56.8,36.9,0.0,0.0,2.5,1.1,35.0,40.0,103.125,100.0
19910206.0,169,8,25507.0,3,1,1,1,1,2,2,1,1,1,1,821.0,7.0,1,1,1910.0,40.0,44.0,0.2,14.0,69.0,0.625,20.0,8.5,1510.0,53.2,38.3,2.0,0.0,2.5,0.9,34.0,40.0,110.0,100.0
19910320.0,100,8,25513.0,3,1,1,1,1,2,2,1,1,1,1,821.0,2.0,1,1,1911.0,45.0,45.0,0.27585742187500034,15.1,75.0,0.625,20.0,15.0,1750.0,50.0,35.0,0.0,0.0,1.6,0.9,34.0,40.0,103.22,100.0
19900813.0,170,22,34493.0,1,1,1,1,1,1,1,1,1,1,1,824.0,2.0,1,1,1910.0,30.0,54.0,0.167,14.6,70.0,0.8125,30.0,0.0,2000.0,58.8,41.2,0.0,0.0,1.5,0.6,30.0,35.0,106.9,100.0
19910214.0,171,58,35794.0,1,1,1,1,1,2,1,1,1,1,1,827.0,2.0,1,5,1911.0,60.0,43.0,0.267,15.8,57.0,0.75,24.0,1.2,1480.0,58.1,40.7,0.0,0.0,1.4,1.7,33.0,40.0,103.12,100.0
19910301.0,172,6,37386.0,3,1,1,1,1,2,2,1,1,1,1,827.0,2.0,1,3,1910.0,40.0,39.0,0.233,15.0,77.0,0.75,20.0,9.4,2000.0,52.1,38.5,0.0,0.0,2.5,1.0,40.0,40.0,103.22,100.0
19900507.0,173,12,47103.0,1,1,1,1,1,1,1,1,1,1,4,813.0,10.0,2,5,1910.0,40.0,54.0,0.267,14.42,87.0,1.0,30.907563025210084,4.5,1700.0,56.2,39.3,0.0,0.0,2.5,1.0,40.0,33.0,96.8,100.0
19900909.0,174,12,47105.0,3,1,1,1,1,2,2,1,1,2,2,816.0,2.0,2,5,1910.0,60.0,50.0,0.267,14.9,88.0,0.375,32.0,10.3,1700.0,51.5,38.1,5.0,0.0,3.0,1.3,40.0,40.0,103.3,100.0
19930407.0,175,41,35661.0,2,2,3,2,2,5,4,2,2,4,3,816.0,2.0,3,1,1910.0,45.1679012345679,47.0,0.233,16.5,86.0,0.25,30.907563025210084,5.780578512396692,1750.0,55.63853305785111,38.56764462809925,1.3193581780538302,0.03814432989690722,2.1,2.1,34.77525773195876,40.0,109.6,95.0
19901027.0,176,27,34996.0,1,1,1,1,1,1,1,1,1,1,2,816.0,9.0,1,1,1910.0,35.0,43.0,0.367,13.0,75.0,0.75,30.907563025210084,0.0,2000.0,62.5,37.5,0.0,0.0,2.5,1.1,30.0,40.0,100.0,100.0
19900926.0,177,8,25440.0,3,1,1,2,1,2,2,1,1,2,1,821.0,2.0,1,5,1911.0,47.5,49.0,0.433,14.5,88.0,0.625,25.0,34.5,2000.0,43.5,22.0,0.0,0.0,2.5,0.7,40.0,40.0,96.97,90.0
19900615.0,178,9,36057.0,1,1,1,1,1,1,1,1,1,1,1,827.0,2.0,1,2,1910.0,30.0,58.0,0.467,15.0,96.0,0.75,30.0,0.0,2300.0,58.8,41.2,6.0,0.0,3.0,0.75,30.0,35.0,100.0,100.0
19900820.0,179,39,34585.0,1,1,1,1,1,1,1,1,1,1,1,828.0,2.0,1,2,1910.0,57.5,57.0,0.367,15.3,84.0,1.0,30.0,19.0,2400.0,47.6,33.3,0.0,0.0,3.0,1.0,33.0,40.0,93.75,100.0
19910227.0,180,6,37354.0,1,1,1,1,1,2,1,1,1,1,1,821.0,2.0,1,1,1911.0,42.5,41.0,0.2,14.0,80.0,0.625,20.0,7.4,1750.0,53.2,39.4,0.0,0.0,2.1,0.9,35.0,40.0,96.97,100.0
19900818.0,181,59,34154.0,3,1,1,1,1,2,2,1,1,2,1,828.0,2.0,1,1,1910.0,45.0,56.0,0.333,14.9,85.0,1.0,30.0,17.3,1600.0,48.1,34.6,0.0,0.0,2.8,1.0,40.0,35.0,100.0,100.0
19910211.0,82,60,27490.0,1,1,1,1,1,1,1,1,1,1,4,813.0,1.0,2,1,1911.0,30.0,42.0,0.2,15.4,64.0,0.875,30.907563025210084,0.0,1425.0,63.0,37.0,0.0,0.0,1.0,1.3,34.0,40.0,107.4,100.0
19900924.0,182,12,47105.0,3,1,1,1,1,2,2,1,1,1,4,813.0,1.0,2,5,1911.0,60.0,48.0,0.367,14.0,76.0,1.0,30.907563025210084,5.6,1600.0,55.6,38.8,0.0,0.0,2.5,0.7,40.0,40.0,96.97,90.0
19910118.0,94,39,37157.0,1,1,1,1,1,1,1,1,1,2,1,828.0,2.0,1,2,1910.0,30.0,45.0,0.233,17.0,70.0,0.75,35.0,0.0,2200.0,58.8,41.2,0.0,0.0,2.5,1.0,33.0,40.0,106.45,100.0
19910829.0,183,48,37001.0,3,1,1,1,1,2,2,1,1,1,3,802.0,2.0,2,1,1910.0,60.0,60.0,0.2,15.0,80.0,0.75,50.0,10.4,1380.0,47.2,42.5,0.0,0.0,3.0,1.0,38.0,40.0,106.5,100.0
19910724.0,184,28,35522.0,3,1,1,1,1,2,2,1,1,2,3,802.0,7.0,2,1,1911.0,37.5,65.0,0.2,16.0,80.0,0.625,50.0,6.6,1640.0,54.9,38.5,3.0,0.0,3.0,1.0,32.0,40.0,103.13,100.0
19901209.0,185,61,27490.0,1,1,1,1,1,2,1,1,1,2,3,802.0,2.0,2,5,1910.0,32.0,42.0,0.233,16.0,70.0,0.625,46.0,0.0,1350.0,60.2,39.8,0.0,0.0,3.0,1.0,34.0,40.0,100.0,100.0
19900921.0,139,13,34551.0,1,1,1,1,1,1,1,1,1,2,2,815.0,1.0,6,2,1910.0,35.0,56.0,0.267,15.0,70.0,1.0,33.0,0.0,2350.0,65.2,34.8,0.0,0.0,2.5,1.0,30.0,40.0,93.75,90.0
19930227.0,186,62,35831.0,2,2,3,2,2,3,6,2,2,4,3,815.0,2.0,4,1,1911.0,45.1679012345679,40.0,0.3,16.5,84.0,0.625,26.0,5.780578512396692,1565.0,55.63853305785111,38.56764462809925,1.3193581780538302,0.03814432989690722,2.5,1.0,34.77525773195876,40.0,106.6,95.0
19900615.0,187,9,36057.0,1,1,1,1,1,1,1,1,1,1,1,827.0,9.0,1,2,1910.0,30.0,58.0,0.467,15.0,98.0,0.75,30.0,0.0,2300.0,58.8,41.2,6.0,0.0,2.25,1.0,30.0,35.0,100.0,100.0
19910130.0,188,6,37352.0,1,1,1,1,1,2,1,1,1,1,1,827.0,2.0,1,6,1911.0,50.0,45.0,0.3,15.2,72.0,1.0,25.0,5.9,2150.0,58.8,35.3,0.0,0.0,2.5,1.0,35.0,40.0,107.4,100.0
19920822.0,189,14,34533.0,2,2,3,2,2,3,4,3,2,4,1,821.0,2.0,3,1,1910.0,45.1679012345679,63.0,0.233,15.5,79.0,0.625,35.0,5.780578512396692,1760.0,55.63853305785111,38.56764462809925,1.3193581780538302,0.03814432989690722,2.4,1.0,34.77525773195876,40.0,106.25,100.0
19901001.0,48,6,36197.0,1,1,1,1,1,2,2,1,1,1,2,816.0,2.0,1,4,1910.0,55.0,48.0,0.233,18.0,76.0,0.25,24.0,10.0,1600.0,60.0,30.0,0.0,0.0,3.0,0.9,35.0,40.0,93.55,90.0
19910611.0,190,39,37177.0,1,1,1,1,1,1,1,1,1,1,1,828.0,2.0,1,2,1910.0,40.0,56.0,0.3,17.0,82.0,0.75,30.0,0.0,2550.0,52.6,47.4,0.0,0.0,2.0,1.0,33.0,40.0,103.22,100.0
19920712.0,191,63,36568.0,2,2,3,2,2,3,4,3,2,3,3,816.0,2.0,4,1,1911.0,45.1679012345679,56.0,0.367,15.1,78.0,0.5,29.0,5.780578512396692,1320.0,55.63853305785111,38.56764462809925,1.3193581780538302,0.03814432989690722,2.5,0.9875939849624058,34.77525773195876,40.0,96.9,100.0
19901209.0,192,26,35001.0,3,1,1,1,1,2,2,1,1,1,2,816.0,9.0,6,5,1910.0,40.0,42.0,0.2,12.7,84.0,0.5,32.0,0.0,1750.0,62.5,37.5,0.0,0.0,2.5,0.9,40.0,40.0,100.0,100.0
19910604.0,169,6,37365.0,1,1,1,1,1,2,1,1,1,1,1,828.0,2.0,1,6,1910.0,47.5,68.0,0.4,16.0,80.0,0.75,30.0,0.0,2250.0,58.8,41.2,0.0,0.0,1.5,1.0,35.0,40.0,106.45,100.0
19900608.0,193,64,36649.0,1,1,1,1,1,1,1,1,1,3,4,813.0,1.0,2,6,1911.0,47.5,62.0,0.27585742187500034,15.0,80.0,0.7243334970530452,30.907563025210084,5.6,1823.359168241966,56.2,38.2,0.0,0.0,2.5,1.0,35.0,40.0,96.9,100.0
19910511.0,194,13,35816.0,1,1,1,1,1,1,1,1,1,1,1,827.0,2.0,6,2,1910.0,47.5,68.0,0.4,14.0,78.0,0.75,22.0,0.0,1900.0,62.5,37.5,0.0,0.0,2.1,1.7,33.0,40.0,103.125,100.0
19910719.0,42,13,88231.0,1,1,1,1,1,1,1,1,1,1,2,816.0,9.0,6,1,1910.0,40.0,62.0,0.2,13.7,91.0,0.375,32.0,5.6,2300.0,55.6,38.9,2.0,0.0,2.5,1.0,33.0,40.0,100.0,100.0
19901209.0,195,25,23048.0,3,1,1,1,1,2,2,1,1,1,1,821.0,7.0,1,1,1910.0,40.0,42.0,0.333,15.5,64.0,0.625,20.0,10.5,1550.0,52.6,36.9,0.0,0.0,2.0,0.6,40.0,40.0,106.25,100.0
19901209.0,196,26,35001.0,3,1,1,1,1,2,5,1,1,2,2,816.0,2.0,6,5,1910.0,42.0,42.0,0.267,14.5,78.0,1.0,28.0,0.0,1800.0,61.7,38.3,0.0,0.0,2.5,2.0,40.0,40.0,100.0,100.0
19900612.0,197,9,36894.0,1,1,1,1,1,1,1,1,1,1,1,824.0,2.0,1,2,1910.0,30.0,51.0,0.3,16.0,70.0,0.8125,20.0,0.0,2250.0,58.8,41.2,0.0,0.0,1.5,0.6,30.0,35.0,103.3,100.0
19910729.0,198,9,37508.0,1,1,1,1,1,1,1,1,1,1,1,824.0,9.0,1,1,1910.0,45.0,57.0,0.233,15.0,88.0,0.5625,30.0,10.4,1900.0,52.1,37.5,0.0,0.0,2.5,1.8,30.0,40.0,100.0,100.0
19900418.0,199,46,36858.0,3,1,1,1,1,2,2,1,1,1,4,813.0,5.0,2,5,1910.0,60.0,43.0,0.367,15.0,94.0,1.0,30.907563025210084,9.5,1500.0,52.6,37.9,0.0,4.0,2.5,1.0,40.0,35.0,100.0,100.0
19900615.0,200,13,34547.0,1,1,1,1,1,1,1,1,1,1,2,815.0,2.0,6,2,1910.0,30.0,58.0,0.333,16.3,78.0,0.625,30.0,0.0,2150.0,58.8,41.2,10.0,0.0,2.5,1.0,30.0,35.0,90.0,100.0
19920320.0,201,15,34293.0,1,1,3,2,1,1,1,1,2,1,2,816.0,2.0,1,1,1910.0,47.5,50.0,0.2,17.0,70.0,0.5,30.0,5.780578512396692,2000.0,55.63853305785111,38.56764462809925,1.3193581780538302,0.03814432989690722,2.2,0.7,34.77525773195876,40.0,103.225,100.0
19900517.0,202,5,34752.0,1,1,2,1,1,1,1,1,1,1,1,824.0,2.0,1,5,1910.0,50.0,48.0,0.233,15.5,68.0,0.8125,30.0,0.0,1900.0,57.4,42.6,10.0,0.0,1.5,1.0,30.0,33.0,100.0,100.0
19900625.0,203,32,34092.0,3,1,1,1,1,2,2,1,1,2,2,815.0,9.0,2,1,1910.0,65.0,58.0,0.4,15.0,74.0,0.625,32.0,0.0,1800.0,57.5,42.5,1.0,0.0,2.5,1.0,38.0,37.0,103.2,100.0
19900723.0,204,15,34894.0,1,1,1,1,1,1,1,1,1,2,1,821.0,2.0,1,2,1910.0,45.0,61.0,0.4,14.0,78.0,0.75,20.0,25.6,2100.0,42.7,31.7,0.0,0.0,2.5,0.8,30.0,35.0,105.2,100.0
19910227.0,205,6,37254.0,1,1,1,1,1,2,1,1,1,1,1,821.0,7.0,1,1,1911.0,42.5,41.0,0.3,14.0,70.0,0.625,20.0,2.3,1750.0,57.5,40.0,4.0,0.0,2.5,0.7,35.0,40.0,96.97,100.0
19910131.0,39,6,37352.0,1,1,1,1,1,1,1,1,1,1,1,827.0,9.0,1,6,1911.0,40.0,42.0,0.2,14.5,74.0,1.0,25.0,8.0,2100.0,57.5,34.5,0.0,0.0,2.3,0.7,35.0,40.0,107.4,100.0
19900612.0,206,9,36894.0,1,1,1,1,1,1,1,4,1,1,1,824.0,9.0,1,2,1910.0,30.0,51.0,0.333,16.0,76.0,0.875,25.0,19.1,2250.0,42.7,38.2,3.0,0.0,1.2,0.5,30.0,35.0,103.3,100.0
19900831.0,8,8,25437.0,3,1,1,1,1,2,2,1,1,2,1,821.0,7.0,1,5,1911.0,57.5,51.0,0.333,15.2,70.0,0.625,25.0,11.1,1850.0,50.5,38.4,3.0,0.0,2.5,0.8,34.0,30.0,100.0,100.0
19900614.0,207,56,34397.0,3,1,1,1,1,2,2,1,1,1,4,813.0,6.0,2,4,1910.0,50.0,53.0,0.3,16.5,90.0,0.75,30.907563025210084,11.3,1300.0,51.5,37.1,0.0,0.0,2.5,0.7,28.0,35.0,100.0,100.0
19910419.0,208,39,47169.0,1,1,1,1,1,1,1,1,1,1,1,824.0,9.0,1,2,1911.0,40.0,50.0,0.233,16.0,70.0,0.5625,30.0,0.0,2400.0,58.8,41.2,8.0,0.0,1.5,0.5,33.0,40.0,103.125,100.0
19910508.0,209,8,25520.0,3,1,1,1,1,2,2,1,1,1,1,821.0,7.0,1,5,1910.0,45.0,57.0,0.267,14.0,76.0,0.75,20.0,3.4,1800.0,56.2,40.4,2.0,0.0,2.0,0.8,34.0,40.0,103.125,100.0
19910618.0,210,48,37003.0,3,1,1,1,1,2,5,1,1,1,2,815.0,2.0,2,5,1910.0,40.0,65.0,0.267,16.2,79.0,0.625,30.0,0.0,1500.0,62.5,37.5,4.0,0.0,2.5,1.0,38.0,40.0,106.45,100.0
19920405.0,211,16,34227.0,1,1,3,2,1,1,1,1,2,1,1,824.0,9.0,1,1,1910.0,35.0,42.0,0.2,15.0,78.0,0.5625,40.0,5.780578512396692,1750.0,55.63853305785111,38.56764462809925,1.3193581780538302,0.03814432989690722,2.3,1.0,34.77525773195876,40.0,103.0,100.0
19910719.0,97,47,37964.0,1,1,1,1,1,2,1,1,1,1,2,815.0,2.0,2,1,1910.0,40.0,69.0,0.2,14.5,76.0,0.625,22.0,0.0,1250.0,58.8,41.2,1.0,0.0,2.5,1.0,35.0,40.0,100.0,100.0
19910212.0,156,21,37869.0,1,1,1,1,1,2,1,1,1,1,2,815.0,2.0,2,5,1910.0,35.0,44.0,0.3,16.0,80.0,1.0,32.0,7.0,1400.0,58.1,34.9,0.0,0.0,3.0,1.0,28.0,40.0,103.12,100.0
19900811.0,212,9,36882.0,1,1,1,1,1,1,1,1,1,1,2,816.0,9.0,1,2,1910.0,35.0,53.0,0.267,14.7,80.0,1.0,30.907563025210084,5.5,2150.0,55.6,38.9,0.0,0.0,2.5,0.4,30.0,35.0,111.1,100.0
19901215.0,213,40,34099.0,3,1,1,1,1,2,2,1,1,2,3,802.0,7.0,2,5,1910.0,45.0,41.0,0.267,13.3,70.0,0.75,50.0,0.0,1700.0,63.9,36.1,0.0,0.0,3.0,0.7,38.0,40.0,117.85,100.0
19910309.0,214,12,47202.0,3,1,1,1,1,2,2,1,1,1,4,813.0,9.0,2,5,1910.0,52.5,43.0,0.267,15.1,76.0,0.5,31.0,6.6,1650.0,54.9,38.5,0.0,0.0,2.5,1.5,40.0,40.0,109.67,100.0
19901107.0,211,8,25466.0,3,1,1,1,1,2,2,1,1,1,1,821.0,7.0,1,5,1910.0,50.0,43.0,0.267,17.0,72.0,0.625,30.0,14.3,1600.0,47.6,38.1,0.0,0.0,2.5,1.0,34.0,40.0,96.77,100.0
19901108.0,123,12,47106.0,3,1,1,1,1,2,2,1,1,1,3,802.0,2.0,2,2,1910.0,40.0,43.0,0.2,13.5,76.0,0.75,52.0,4.4,1726.0,55.0,40.6,0.0,0.0,3.0,1.0,40.0,40.0,96.77,100.0
19901001.0,92,5,34754.0,1,1,2,1,1,1,1,1,1,1,1,824.0,2.0,1,2,1910.0,42.5,48.0,0.2,16.0,70.0,0.8125,35.0,0.0,2050.0,66.7,33.3,2.0,0.0,1.7,1.0,30.0,40.0,93.55,90.0
19910125.0,215,25,23052.0,3,1,1,1,1,2,2,1,1,1,1,821.0,7.0,1,5,1911.0,40.0,45.0,0.3,14.5,70.0,0.625,25.0,0.0,1500.0,59.5,40.5,0.0,0.0,2.0,1.0,40.0,40.0,100.0,100.0
19900812.0,216,65,34175.0,1,1,1,1,1,1,1,1,1,2,1,821.0,7.0,1,1,1910.0,30.0,54.0,0.233,15.8,68.0,0.75,25.0,6.4,2000.0,53.2,40.4,4.0,0.0,2.3,0.8,35.0,35.0,106.9,100.0
19901002.0,48,6,36197.0,1,1,1,1,1,2,2,1,1,1,2,816.0,2.0,1,4,1911.0,55.0,50.0,0.2,17.0,78.0,0.25,32.0,9.7,1900.0,52.2,38.1,0.0,0.0,3.0,0.9,35.0,40.0,96.97,90.0
19910817.0,139,26,35529.0,3,1,1,1,1,2,2,1,1,1,3,802.0,7.0,6,1,1910.0,45.0,63.0,0.267,15.0,80.0,0.75,50.0,0.0,1470.0,58.8,41.2,2.0,0.0,3.0,1.0,34.0,40.0,100.0,100.0
19900710.0,217,12,47104.0,3,1,1,1,1,1,1,1,1,1,4,813.0,9.0,2,5,1911.0,55.0,56.0,0.4,15.0,93.0,0.75,30.907563025210084,0.0,1250.0,62.5,37.5,0.0,0.0,2.5,1.0,40.0,40.0,96.8,100.0
19900611.0,218,66,37874.0,2,3,1,1,1,1,1,1,1,1,2,815.0,2.0,2,2,1906.7816091954023,45.1679012345679,60.0,0.27585742187500034,15.0,78.0,0.625,34.0,15.0,1750.0,50.0,35.0,0.0,0.0,2.5,1.0,33.0,39.056390977443606,103.03279135338333,100.0
19910614.0,5,9,37501.0,1,1,1,1,1,1,1,1,1,2,2,815.0,9.0,1,2,1910.0,32.5,69.0,0.2,15.5,94.0,0.75,30.0,0.5,2050.0,52.6,42.1,0.0,0.0,2.5,1.0,33.0,40.0,100.0,100.0
19910318.0,219,6,37355.0,1,1,1,1,1,2,1,1,1,1,1,827.0,9.0,1,1,1910.0,40.0,43.0,0.35,16.1,70.0,0.625,20.0,11.1,2000.0,55.6,33.3,4.0,0.0,1.8,0.9,35.0,40.0,103.22,100.0
19910505.0,220,12,47203.0,3,1,1,1,1,2,2,1,1,1,4,813.0,1.0,2,5,1910.0,50.0,52.0,0.267,15.6,71.0,0.75,30.907563025210084,20.6,1700.0,46.7,32.7,0.0,0.0,2.5,0.6,40.0,40.0,106.66,100.0
19910201.0,221,6,37352.0,1,1,1,1,1,1,1,1,1,1,1,827.0,9.0,1,6,1911.0,45.0,42.0,0.2,14.0,70.0,1.0,20.0,8.0,1850.0,57.5,34.5,0.0,0.0,2.0,0.7,35.0,40.0,107.4,100.0
19910507.0,215,8,25520.0,3,1,1,1,1,2,2,1,1,1,1,821.0,7.0,1,2,1910.0,50.0,56.0,0.267,15.2,76.0,0.625,25.0,3.4,1760.0,56.8,39.8,2.0,0.0,2.5,0.8,34.0,40.0,103.125,100.0
19910529.0,222,9,37338.0,1,1,1,1,1,1,1,1,1,2,1,824.0,9.0,1,2,1911.0,50.0,60.0,0.4,16.0,76.0,0.5625,28.0,5.6,1600.0,55.6,38.9,0.0,0.0,1.0,0.5,35.0,40.0,110.0,100.0
19910528.0,223,12,47203.0,3,1,1,1,1,2,2,1,1,1,4,813.0,1.0,2,5,1910.0,50.0,68.0,0.367,13.4,70.0,0.7243334970530452,30.907563025210084,20.4,1700.0,46.3,33.3,0.0,0.0,2.5,1.0,40.0,40.0,106.45,100.0
19910129.0,224,67,38064.0,1,1,1,1,1,1,1,1,1,2,4,813.0,5.0,2,2,1911.0,30.0,45.0,0.2,14.0,65.0,0.7243334970530452,30.907563025210084,0.0,1600.0,62.5,37.5,0.0,0.0,2.5,0.8,33.0,40.0,100.0,100.0
19901206.0,225,8,25450.0,3,1,1,1,1,2,2,1,1,1,1,821.0,7.0,1,5,1910.0,45.0,42.0,0.4,14.8,72.0,0.625,20.0,0.0,1800.0,58.8,41.2,0.0,0.0,2.5,0.9,34.0,40.0,106.25,100.0
19900926.0,226,13,34551.0,1,1,1,1,1,1,1,1,1,1,2,815.0,9.0,6,2,1910.0,30.0,48.0,0.233,15.0,88.0,0.75,35.0,7.7,1823.359168241966,57.7,34.6,0.0,0.0,2.8,0.8,30.0,40.0,100.0,90.0
19910503.0,40,25,23055.0,3,1,1,1,1,2,5,1,1,1,1,821.0,7.0,1,1,1910.0,42.5,52.0,0.4,13.9,76.0,0.625,25.0,0.0,1800.0,50.0,50.0,0.0,0.0,2.5,0.9,40.0,40.0,106.66,100.0
19901211.0,227,55,38121.0,3,1,1,1,1,2,5,1,1,2,2,815.0,2.0,2,2,1910.0,45.0,40.0,0.3,16.0,89.0,0.625,22.0,0.0,1300.0,60.0,40.0,1.0,0.0,2.5,1.0,40.0,40.0,106.45,100.0
19910604.0,228,6,37365.0,1,1,1,1,1,2,1,1,1,1,1,828.0,9.0,1,6,1910.0,47.5,68.0,0.35,16.0,80.0,0.75,30.0,0.0,2250.0,52.1,47.9,0.0,0.0,1.5,0.75,35.0,40.0,106.45,100.0
19900706.0,229,39,34583.0,1,1,1,1,1,1,1,1,1,1,1,827.0,9.0,1,2,1911.0,40.0,47.0,0.2,15.0,75.0,0.75,25.0,0.0,2100.0,61.1,38.9,0.0,0.0,2.4,1.1,33.0,40.0,96.9,100.0
19900723.0,230,15,34894.0,1,1,1,1,1,1,1,1,1,1,1,821.0,7.0,1,2,1910.0,50.0,61.0,0.333,13.1,70.0,0.75,25.0,21.7,2100.0,41.7,36.6,5.0,0.0,2.5,0.8,30.0,35.0,105.2,100.0
19901101.0,231,8,25445.0,3,1,1,1,1,2,2,1,1,1,1,821.0,7.0,1,5,1910.0,52.5,43.0,0.267,15.0,71.0,0.75,28.0,7.4,1500.0,53.2,39.4,0.0,0.0,2.5,1.0,34.0,40.0,98.3,100.0
19901209.0,192,26,35001.0,3,1,1,1,1,2,2,1,1,2,2,816.0,9.0,6,5,1906.7816091954023,35.0,42.0,0.2,15.5,80.0,1.0,26.0,0.0,1800.0,62.5,37.5,3.0,0.0,2.5,2.0,40.0,40.0,100.0,100.0
19900910.0,232,12,47105.0,3,1,1,1,1,2,2,1,1,1,4,813.0,1.0,2,5,1911.0,65.0,47.0,0.367,12.0,68.0,0.7243334970530452,30.907563025210084,0.0,1600.0,58.8,41.2,0.0,0.0,2.8,0.8,40.0,35.0,106.25,100.0
19901002.0,233,6,36197.0,1,1,1,1,1,2,1,1,1,2,2,815.0,1.0,1,5,1910.0,55.0,50.0,0.133,14.0,80.0,0.625,32.0,8.0,2000.0,60.0,32.0,0.0,0.0,2.5,0.9,35.0,40.0,93.55,90.0
19920110.0,122,12,47301.0,3,1,1,1,1,2,2,1,1,1,2,816.0,2.0,2,1,1911.0,55.0,44.0,0.2,15.0,70.0,0.625,28.0,8.2,1700.0,51.0,40.8,0.0,0.0,2.5,2.0,40.0,40.0,100.0,100.0
19900710.0,228,51,34714.0,1,1,1,1,1,1,1,1,1,1,1,824.0,9.0,1,2,1911.0,30.0,56.0,0.2,14.7,87.0,0.875,20.0,0.0,2150.0,58.8,41.2,12.0,0.0,1.5,0.6,30.0,40.0,96.8,100.0
19901125.0,234,5,34759.0,1,1,2,1,1,1,1,1,1,1,2,816.0,2.0,6,2,1910.0,32.5,47.0,0.2,20.0,79.0,0.3125,29.0,0.0,2189.0,58.1,41.9,5.0,0.0,2.5,1.25,30.0,40.0,100.0,100.0
19910818.0,235,9,37513.0,1,1,1,1,1,1,1,1,1,1,1,824.0,2.0,1,1,1911.0,40.0,59.0,0.3,16.4,85.0,0.8125,30.0,0.0,1900.0,58.8,41.2,10.0,0.0,2.0,0.8,30.0,40.0,96.88,100.0
19910123.0,236,28,35521.0,3,1,1,1,1,2,2,1,1,1,4,813.0,1.0,2,2,1911.0,60.0,38.0,0.333,16.5,66.0,0.75,30.907563025210084,6.7,1400.0,56.2,37.1,0.0,0.0,1.1,1.4,32.0,40.0,103.22,100.0
19901001.0,237,5,34754.0,1,1,2,1,1,1,1,1,1,2,1,824.0,9.0,1,2,1910.0,42.5,48.0,0.2,15.0,76.0,0.875,30.0,3.6,2050.0,60.2,36.2,0.0,0.0,2.5,1.0,30.0,40.0,93.55,90.0
19900818.0,238,59,34154.0,3,1,1,1,1,2,2,1,1,2,1,828.0,10.0,1,2,1910.0,30.0,56.0,0.367,14.7,83.0,1.0,30.0,10.8,1600.0,53.8,35.5,0.0,6.0,2.6,1.2,40.0,35.0,100.0,100.0
19910719.0,239,13,88231.0,1,1,1,1,1,1,1,1,1,1,2,816.0,2.0,6,1,1910.0,40.0,62.0,0.2,14.9,80.0,0.5,28.0,3.4,2303.0,56.8,39.8,2.0,0.0,2.5,0.6,33.0,40.0,100.0,100.0
19900730.0,240,56,23050.0,3,1,1,1,1,2,2,1,1,1,2,816.0,2.0,2,5,1910.0,57.5,54.0,0.367,16.2,79.0,0.5,23.0,19.0,1500.0,47.6,33.4,5.0,0.0,3.0,1.0,32.0,35.0,93.3,100.0
19901114.0,241,8,25477.0,3,1,1,1,1,2,2,1,1,2,1,821.0,7.0,1,5,1911.0,50.0,42.0,0.2,17.0,73.0,0.4375,20.0,18.5,1800.0,46.3,35.1,2.0,0.0,2.5,1.0,34.0,40.0,100.0,100.0
19900622.0,242,68,38025.0,3,1,1,1,1,2,2,1,1,2,2,815.0,2.0,2,5,1910.0,55.0,55.0,0.3,13.0,86.0,0.75,28.0,13.7,1700.0,49.0,37.3,0.0,0.0,3.0,0.8,34.0,35.0,100.0,100.0
19910903.0,243,5,35874.0,1,1,2,1,1,1,1,1,1,2,1,824.0,9.0,1,1,1911.0,40.0,62.0,0.233,16.1,78.0,0.5625,25.0,5.5,1800.0,55.0,39.5,0.0,0.0,1.6,1.5,30.0,40.0,103.23,100.0
19910104.0,244,30,39039.0,3,1,1,1,1,2,2,1,1,1,2,816.0,9.0,2,5,1910.0,52.0,40.0,0.3,16.0,75.0,0.3125,30.0,5.6,1467.0,55.6,38.8,0.0,0.0,2.5,1.3,40.0,40.0,108.06,100.0
19901209.0,245,61,27490.0,1,1,1,1,1,2,1,1,1,2,3,802.0,7.0,2,5,1910.0,32.0,42.0,0.233,16.0,70.0,0.625,48.0,0.0,1350.0,63.9,36.1,0.0,0.0,3.0,1.0,34.0,40.0,100.0,100.0
19910426.0,246,12,47203.0,3,1,1,1,1,2,2,1,1,1,3,802.0,7.0,2,5,1910.0,50.0,50.0,0.2,15.5,74.0,0.75,58.0,4.8,1420.0,59.5,35.7,3.0,0.0,3.0,1.0,40.0,40.0,106.45,100.0
19900807.0,247,39,34585.0,1,1,1,2,1,1,1,1,1,1,1,828.0,9.0,1,2,1910.0,30.0,50.0,0.333,15.8,92.0,1.0,30.907563025210084,0.0,2400.0,58.5,41.2,2.0,0.0,3.0,1.4,33.0,35.0,96.8,100.0
19900812.0,42,13,34549.0,1,1,1,1,1,1,1,1,1,2,2,815.0,2.0,6,2,1911.0,45.0,54.0,0.267,14.0,90.0,0.75,30.0,0.0,2000.0,58.8,41.2,0.0,0.0,3.0,1.0,33.0,40.0,103.3,100.0
19910317.0,188,6,37355.0,1,1,1,1,1,2,1,1,1,1,2,816.0,9.0,1,1,1910.0,49.0,43.0,0.35,14.5,74.0,0.75,23.0,9.1,1900.0,56.8,34.1,2.0,0.0,0.7,0.2,35.0,40.0,103.22,100.0
19900606.0,248,69,36859.0,3,1,1,1,1,2,5,1,1,2,3,802.0,2.0,2,5,1911.0,57.5,54.0,0.267,15.5,80.0,0.625,55.0,0.0,1600.0,62.5,37.5,0.0,0.0,3.0,0.5,45.0,40.0,103.3,100.0
19901105.0,249,13,34553.0,1,1,1,1,1,1,1,1,1,1,1,827.0,9.0,6,2,1910.0,45.0,42.0,0.2,14.0,80.0,0.7243334970530452,20.0,7.6,1823.359168241966,54.3,38.1,0.0,0.0,2.4009380863039405,0.9875939849624058,30.0,40.0,101.67,100.0
19910727.0,250,39,37182.0,1,1,1,1,1,1,1,1,1,1,1,821.0,2.0,1,1,1911.0,45.0,58.0,0.2,15.0,75.0,0.625,20.0,10.5,2100.0,52.6,36.8,0.0,0.0,2.5,0.7,33.0,40.0,103.125,100.0
19931008.0,251,70,35425.0,2,2,3,2,2,3,4,2,2,4,1,821.0,7.0,3,1,1911.0,45.1679012345679,54.0,0.267,15.5,80.0,0.75,40.0,5.780578512396692,2000.0,55.63853305785111,38.56764462809925,1.3193581780538302,0.03814432989690722,1.8,1.3,34.77525773195876,40.0,107.14,99.59888059701493
19900804.0,46,22,34483.0,1,1,1,1,1,1,2,1,1,1,2,816.0,2.0,1,1,1910.0,35.0,55.0,0.5,15.0,70.0,0.5,32.0,0.0,1950.0,58.8,41.2,0.0,0.0,2.5,1.3,30.0,35.0,100.0,100.0
19900819.0,252,53,38016.0,3,1,1,1,1,2,2,1,1,1,4,813.0,5.0,2,1,1911.0,45.0,56.0,0.233,16.0,64.0,0.75,30.907563025210084,11.1,1350.0,55.5,33.3,0.0,0.0,2.5,0.5,28.0,40.0,103.3,100.0
19921125.0,253,17,36569.0,2,2,3,2,2,3,6,3,2,4,3,816.0,2.0,4,1,1910.0,45.1679012345679,53.0,0.3,14.2,72.0,1.0,28.0,5.780578512396692,1600.0,55.63853305785111,38.56764462809925,1.3193581780538302,0.03814432989690722,2.7,1.5,34.77525773195876,40.0,106.1,100.0
19900418.0,32,9,36053.0,1,1,1,1,1,1,1,1,1,1,2,815.0,2.0,1,2,1910.0,45.0,42.0,0.233,16.0,84.0,0.625,28.0,0.0,2220.0,54.3,45.7,0.0,0.0,2.5,1.0,30.0,35.0,100.0,100.0
19910206.0,254,8,25507.0,3,1,1,1,1,2,2,1,1,1,1,821.0,2.0,1,1,1911.0,45.0,44.0,0.267,14.1,78.0,0.625,22.0,7.6,1510.0,54.3,38.0,0.0,0.0,2.5,0.7,34.0,40.0,114.28,100.0
19910316.0,255,6,37355.0,1,1,1,1,1,2,1,1,1,1,1,828.0,9.0,1,6,1910.0,40.0,44.0,0.2,16.1,78.0,0.9375,30.0,5.6,1800.0,55.6,38.9,0.0,0.0,2.0,1.0,35.0,40.0,103.22,100.0
19900821.0,256,55,34066.0,3,1,1,1,1,2,2,1,1,1,3,802.0,2.0,2,2,1910.0,52.5,55.0,0.433,14.0,80.0,0.7243334970530452,55.0,9.9,1600.0,49.5,40.6,0.0,0.0,3.0,0.5,40.0,45.0,93.75,100.0
19900723.0,50,49,34685.0,1,1,1,1,1,1,1,1,1,1,1,828.0,10.0,1,2,1910.0,50.0,61.0,0.333,13.0,72.0,1.0,41.0,0.0,2350.0,58.8,41.2,1.3193581780538302,0.0,2.0,1.0,30.0,35.0,105.2,100.0
19910111.0,257,71,35539.0,3,1,1,1,1,2,2,1,1,1,1,821.0,2.0,1,5,1911.0,50.0,50.0,0.367,14.0,80.0,0.75,40.0,10.5,1700.0,52.6,36.8,0.0,0.0,2.5,1.0,38.0,40.0,105.0,100.0
19901031.0,258,39,34588.0,1,1,1,1,1,1,1,1,1,2,2,815.0,2.0,1,2,1910.0,40.0,43.0,0.233,15.5,85.0,0.75,25.0,4.7,2000.0,58.1,37.2,0.0,0.0,2.5,1.0,33.0,40.0,96.77,100.0
19930915.0,25,41,37191.0,2,2,3,2,2,4,3,2,2,4,3,815.0,2.0,4,1,1911.0,45.1679012345679,50.0,0.2,16.5,74.0,0.625,34.0,5.780578512396692,1750.0,55.63853305785111,38.56764462809925,1.3193581780538302,0.03814432989690722,2.6,1.0,34.77525773195876,40.0,103.125,95.0
19910322.0,259,31,38051.0,1,1,1,1,1,2,1,1,1,1,2,816.0,2.0,1,1,1906.7816091954023,60.0,49.0,0.333,14.9,77.0,0.75,27.0,0.0,1650.0,58.8,41.2,0.0,0.0,2.5,0.7,33.0,40.0,103.33,100.0
19900806.0,260,22,34493.0,2,1,1,1,1,1,2,1,1,2,2,816.0,9.0,1,1,1910.0,45.1679012345679,51.0,0.167,16.0,75.0,0.5,30.0,0.0,1800.0,58.8,41.2,0.0,0.0,2.1,1.0,30.0,35.0,100.0,100.0
19910215.0,261,13,35811.0,1,1,1,1,1,1,1,1,1,1,2,815.0,2.0,6,2,1910.0,45.0,38.0,0.27585742187500034,15.0,80.0,0.625,30.0,7.0,1600.0,58.1,34.9,0.0,0.0,2.5,1.5,30.0,40.0,103.22,100.0
19900606.0,42,13,34546.0,1,1,1,1,1,1,1,1,1,1,2,816.0,2.0,6,2,1911.0,52.5,54.0,0.267,14.6,82.0,0.7243334970530452,32.0,10.5,2400.0,52.6,36.8,0.0,0.0,2.5,0.5,30.0,40.0,100.0,100.0
19910220.0,262,8,25509.0,3,1,1,1,1,2,2,1,1,1,1,821.0,7.0,1,5,1911.0,50.0,46.0,0.2,14.6,60.0,0.625,25.0,10.5,1750.0,52.6,36.8,2.0,0.0,2.4,0.8,28.0,40.0,96.97,100.0
19910211.0,82,60,27490.0,1,1,1,1,1,1,1,1,1,1,4,813.0,1.0,2,5,1911.0,30.0,42.0,0.2,15.4,64.0,0.875,30.907563025210084,0.0,1425.0,61.7,38.3,0.0,0.0,1.0,1.3,34.0,40.0,107.4,100.0
19900727.0,263,52,36644.0,3,1,1,1,1,2,2,1,1,2,3,802.0,2.0,2,5,1910.0,60.0,53.0,0.333,16.5,88.0,0.75,55.0,22.1,1550.0,41.0,36.9,0.0,0.0,3.0,0.8,40.0,35.0,105.1,100.0
19901212.0,264,55,38121.0,3,1,1,1,1,2,2,1,1,2,2,815.0,9.0,2,2,1910.0,45.0,42.0,0.367,16.0,83.0,0.625,30.0,0.0,1950.0,58.8,41.2,0.0,0.0,2.5,1.0,40.0,40.0,106.45,100.0
19910223.0,265,45,35335.0,3,1,1,1,1,2,2,1,1,1,1,827.0,2.0,1,5,1911.0,45.0,41.0,0.333,17.0,78.0,0.75,16.0,14.1,1100.0,50.5,35.4,0.0,0.0,2.5,1.0,50.0,40.0,96.97,100.0
19900617.0,266,24,34093.0,3,1,1,1,1,2,5,1,1,2,1,821.0,7.0,1,5,1910.0,52.5,62.0,0.433,14.5,95.0,0.75,20.0,0.0,1950.0,58.8,41.2,0.0,0.0,2.0,1.0,38.0,35.0,100.0,100.0
19920105.0,267,48,34250.0,3,1,1,1,1,2,5,1,1,2,2,816.0,2.0,2,1,1911.0,50.0,47.0,0.2,15.0,80.0,0.625,28.0,0.0,1750.0,59.0,41.0,0.0,0.0,1.0,1.0,38.0,40.0,91.89,100.0
19911209.0,268,72,37018.0,1,1,1,1,1,1,1,1,1,1,2,816.0,9.0,6,1,1911.0,42.5,52.0,0.2,16.0,82.0,0.75,30.0,0.0,2150.0,58.8,41.2,0.0,0.0,2.5,1.0,33.0,40.0,110.0,100.0
19920529.0,269,13,34453.0,1,1,3,2,1,2,1,1,2,1,2,816.0,9.0,6,1,1910.0,50.0,56.0,0.3,15.0,80.0,0.1875,26.0,5.780578512396692,1950.0,55.63853305785111,38.56764462809925,1.3193581780538302,0.03814432989690722,2.5,1.5,34.77525773195876,40.0,102.857,100.0
19910422.0,270,8,25513.0,3,1,1,1,1,2,2,1,1,2,1,821.0,7.0,1,5,1910.0,55.0,49.0,0.2,15.0,78.0,0.625,20.0,17.1,1900.0,47.6,35.2,0.0,0.0,2.5,0.85,34.0,40.0,106.45,100.0
19900614.0,271,56,34397.0,3,1,1,1,1,2,2,1,1,1,4,813.0,1.0,2,4,1910.0,50.0,53.0,0.3,16.0,65.0,0.75,30.907563025210084,15.8,1300.0,49.5,34.7,0.0,0.0,2.5,1.0,28.0,35.0,93.5,100.0
19901215.0,272,56,35525.0,3,1,1,1,1,2,2,1,1,1,2,815.0,2.0,2,5,1910.0,40.0,54.0,0.267,22.2,77.0,0.625,32.0,6.25,1000.0,56.25,37.5,0.0,0.0,3.0,1.2,40.0,40.0,106.45,100.0
19910301.0,273,6,37386.0,3,1,1,1,1,2,2,1,1,1,1,827.0,9.0,1,3,1910.0,40.0,39.0,0.2,15.0,79.0,0.75,20.0,11.8,2000.0,49.0,39.2,0.0,0.0,2.5,1.0,40.0,40.0,103.22,100.0
19910727.0,115,39,37182.0,1,1,1,1,1,1,1,1,1,1,1,821.0,7.0,1,1,1911.0,45.0,58.0,0.2,15.0,72.0,0.625,25.0,10.5,2100.0,52.6,36.8,5.0,0.0,2.5,0.8,33.0,40.0,103.125,100.0
19901114.0,274,16,34997.0,1,1,1,1,1,1,1,1,1,1,2,815.0,9.0,1,2,1910.0,50.0,47.0,0.2,16.2,74.0,0.75,28.0,10.8,2000.0,53.4,35.8,0.0,0.0,2.5,1.3,30.0,40.0,100.0,100.0
19910415.0,275,6,32360.0,1,1,1,1,1,2,1,1,1,1,1,827.0,2.0,1,1,1910.0,45.1679012345679,59.0,0.233,14.2,80.0,1.0,20.0,5.6,1823.359168241966,55.6,38.9,0.0,0.0,2.0,2.5,33.0,40.0,106.45,100.0
19900524.0,276,64,36648.0,1,1,1,1,1,2,1,1,1,1,2,815.0,1.0,2,2,1911.0,50.0,60.0,0.3,14.0,75.0,0.625,33.0,0.0,2000.0,65.2,34.8,0.0,0.0,0.0,0.0,35.0,40.0,96.9,100.0
19910127.0,277,13,35816.0,1,1,1,1,1,1,1,1,1,1,1,827.0,2.0,6,2,1911.0,40.0,41.0,0.2,15.8,72.0,1.0,30.0,0.0,2000.0,62.5,37.5,0.0,0.0,2.5,1.0,30.0,40.0,107.4,100.0
19910804.0,278,6,37371.0,1,1,1,1,1,2,1,1,1,1,2,816.0,9.0,1,1,1910.0,40.0,58.0,0.267,15.0,80.0,0.1875,30.907563025210084,3.2,2000.0,53.8,43.0,0.0,0.0,2.5,1.0,35.0,40.0,103.125,100.0
19910214.0,211,15,35752.0,1,1,1,1,1,1,1,1,1,1,1,824.0,2.0,1,2,1910.0,50.0,43.0,0.3,16.3,80.0,0.8125,30.0,0.0,2270.0,55.6,44.4,12.0,0.0,1.5,1.5,30.0,40.0,103.22,100.0
19901105.0,279,13,34553.0,1,1,1,1,1,1,1,1,1,1,1,827.0,2.0,6,2,1910.0,45.0,42.0,0.267,14.9,75.0,1.0,25.0,10.5,1660.0,52.6,36.9,0.0,0.0,2.5,1.0,30.0,40.0,101.67,100.0
19901206.0,280,7,36805.0,3,1,1,1,1,2,2,1,1,1,2,815.0,9.0,1,4,1910.0,50.0,42.0,0.267,16.0,88.0,0.75,33.0,11.5,1650.0,52.1,36.4,0.0,0.0,2.5,1.0,38.0,40.0,106.25,100.0
19910108.0,281,8,25503.0,3,1,1,1,1,2,2,1,1,1,1,821.0,2.0,1,5,1911.0,55.0,46.0,0.2,17.0,78.0,0.75,20.0,13.1,1700.0,50.5,36.4,0.0,0.0,2.5,1.0,34.0,40.0,105.0,100.0
19901125.0,282,5,34759.0,1,1,2,1,1,1,1,1,1,1,2,816.0,9.0,6,2,1910.0,40.0,47.0,0.2,16.53,78.0,0.8125,24.0,0.0,2189.0,58.8,41.2,0.0,0.0,2.0,0.8,30.0,40.0,100.0,100.0
19900507.0,283,12,47103.0,3,1,1,1,1,2,2,1,1,1,4,813.0,5.0,2,5,1910.0,47.5,54.0,0.2,16.08,69.0,1.0,30.907563025210084,3.3,1700.0,55.5,41.1,0.0,0.0,2.5,0.9,40.0,30.0,103.3,100.0
19901219.0,284,8,25452.0,3,1,1,1,1,2,2,1,1,1,1,821.0,7.0,1,5,1910.0,67.5,50.0,0.167,16.5,73.0,0.875,20.0,18.1,1800.0,47.6,34.3,0.0,0.0,2.5,0.8,34.0,40.0,110.71,100.0
19901105.0,285,51,34716.0,1,1,1,1,1,2,1,1,1,1,2,816.0,2.0,1,5,1910.0,40.0,43.0,0.233,15.6,81.0,0.5,34.0,0.0,2400.0,62.5,37.5,5.0,0.0,2.4009380863039405,0.9,35.0,40.0,96.77,100.0
19920709.0,167,12,47304.0,3,1,3,2,1,2,2,1,2,1,2,815.0,9.0,2,1,1911.0,50.0,67.0,0.3,14.5,86.0,0.75,22.0,5.780578512396692,1300.0,55.63853305785111,38.56764462809925,1.3193581780538302,0.03814432989690722,2.5,2.0,34.77525773195876,40.0,102.77,100.0
19910327.0,190,37,37572.0,1,1,1,1,1,1,1,1,1,1,1,824.0,2.0,1,2,1911.0,35.0,48.0,0.233,16.0,76.0,0.8125,30.0,8.9,1900.0,49.5,41.6,0.0,0.0,2.5,1.2,30.0,40.0,103.22,100.0
19901121.0,97,12,47106.0,3,1,1,1,1,2,2,1,1,2,3,802.0,7.0,2,5,1911.0,40.0,50.0,0.233,14.0,70.0,0.75,45.0,0.0,1800.0,60.2,39.8,0.0,0.0,2.5,1.0,40.0,40.0,100.0,100.0
19901014.0,286,5,34756.0,1,1,2,1,1,1,1,1,1,1,1,824.0,2.0,1,2,1911.0,30.0,54.0,0.333,16.3,80.0,0.8125,30.0,0.0,2100.0,60.0,40.0,3.0,0.0,2.5,1.2,30.0,40.0,114.29,100.0
19900824.0,287,73,34399.0,3,1,1,1,1,2,2,1,1,1,4,813.0,1.0,2,5,1911.0,40.0,54.0,0.3,15.0,70.0,0.7243334970530452,30.907563025210084,10.0,1823.359168241966,50.0,40.0,0.0,0.0,2.5,0.8,60.0,30.0,100.0,100.0
19901210.0,288,13,34556.0,1,1,1,1,1,1,1,1,1,1,2,816.0,2.0,6,2,1910.0,37.5,42.0,0.2,16.0,70.0,0.375,28.0,0.0,2400.0,58.8,41.2,3.0,0.0,3.0,0.8,30.0,40.0,106.45,100.0
19900812.0,29,13,34549.0,1,1,1,1,1,1,1,1,1,1,2,815.0,9.0,6,2,1910.0,45.0,54.0,0.367,15.0,100.0,0.75,33.0,2.3,2000.0,56.8,40.9,0.0,0.0,2.75,0.9,33.0,35.0,106.9,100.0
19900511.0,143,12,47103.0,3,1,1,1,1,2,2,1,1,1,4,813.0,1.0,2,5,1910.0,50.0,48.0,0.233,13.0,80.0,1.0,30.907563025210084,18.9,1700.0,47.2,34.0,0.0,0.0,2.7,0.6,40.0,33.0,100.0,100.0
19901107.0,289,51,34716.0,1,1,1,1,1,2,1,1,1,1,2,816.0,7.0,1,5,1910.0,37.5,43.0,0.2,15.8,80.0,0.5,32.0,0.0,2400.0,62.5,37.5,5.0,0.0,2.5,0.9,35.0,40.0,96.77,100.0
19900723.0,290,28,35683.0,3,1,1,1,1,2,2,1,1,2,3,802.0,2.0,2,5,1910.0,65.0,61.0,0.367,14.8,80.0,0.375,45.0,19.5,1660.0,42.4,38.1,0.0,0.0,3.0,1.0,32.0,35.0,105.2,100.0
19910330.0,291,45,35534.0,3,1,1,1,1,2,2,1,1,2,1,827.0,2.0,1,5,1910.0,42.0,44.0,0.3,15.0,80.0,1.25,20.0,16.7,1300.0,49.0,34.3,0.0,0.0,2.5,0.2,40.0,40.0,110.0,100.0
19900505.0,292,12,47103.0,3,1,1,1,1,2,2,1,1,2,3,802.0,7.0,2,5,1910.0,50.0,52.0,0.2,14.0,80.0,0.75,60.0,4.4,1700.0,54.9,40.7,0.0,0.0,2.5,1.0,40.0,33.0,100.0,100.0
19910330.0,293,45,35534.0,3,1,1,1,1,2,2,1,1,2,1,827.0,9.0,1,5,1910.0,45.0,44.0,0.3,15.5,75.0,1.25,20.0,14.1,1300.0,50.5,35.4,0.0,0.0,2.5,1.5,40.0,40.0,110.0,100.0
19930908.0,294,42,47405.0,2,2,3,2,2,4,3,2,2,4,3,815.0,2.0,4,1,1911.0,45.1679012345679,56.0,0.3,14.0,91.0,1.125,27.0,5.780578512396692,1650.0,55.63853305785111,38.56764462809925,1.3193581780538302,0.03814432989690722,3.0,1.5,34.77525773195876,40.0,100.0,95.0
19910626.0,295,30,37938.0,3,1,1,1,1,2,2,1,1,2,2,816.0,9.0,2,5,1910.0,45.0,65.0,0.3,16.3,78.0,0.75,32.0,3.4,1700.0,56.8,39.8,4.0,0.0,2.5,1.0,34.0,40.0,106.45,100.0
19910609.0,296,10,35460.0,1,1,1,1,1,1,1,1,1,2,1,824.0,2.0,1,2,1910.0,40.0,62.0,0.27585742187500034,16.0,80.0,0.8125,40.0,0.0,2250.0,62.5,37.5,0.0,0.0,2.5,0.7,30.0,40.0,110.0,100.0
19910307.0,297,12,47202.0,1,1,1,1,1,1,2,1,1,1,4,813.0,9.0,2,5,1910.0,35.0,45.0,0.3,14.1,65.0,1.0,30.907563025210084,0.0,1500.0,59.5,40.5,0.0,0.0,2.6,1.0,40.0,40.0,109.67,100.0
19900824.0,82,73,34399.0,3,1,1,1,1,2,2,1,1,1,4,813.0,5.0,2,5,1910.0,42.5,54.0,0.3,15.0,70.0,0.7243334970530452,30.907563025210084,13.4,1500.0,48.1,38.5,2.0,0.0,2.5,1.0,60.0,45.0,93.75,100.0
19910215.0,298,74,37441.0,1,1,1,1,1,1,1,1,1,1,1,821.0,7.0,1,2,1911.0,25.0,38.0,0.233,14.0,70.0,0.625,25.0,0.0,1600.0,58.8,41.2,5.0,0.0,1.7,0.9,30.0,40.0,103.12,100.0
19901007.0,299,11,38059.0,3,1,1,1,1,2,2,1,1,2,3,802.0,2.0,2,5,1910.0,42.5,52.0,0.233,18.0,70.0,0.625,45.0,0.0,1700.0,58.8,41.2,0.0,0.0,3.0,0.7,34.0,40.0,103.125,100.0
19901107.0,300,6,36166.0,1,1,1,1,1,2,1,1,1,2,1,828.0,9.0,1,5,1910.0,50.0,43.0,0.2,15.5,72.0,0.75,30.0,5.1,2200.0,50.6,44.3,0.0,0.0,2.5,1.3,35.0,40.0,96.77,100.0
19901206.0,301,8,25450.0,3,1,1,1,1,2,2,1,1,1,1,821.0,2.0,1,5,1906.7816091954023,50.0,42.0,0.367,15.5,73.0,0.625,20.0,3.6,1800.0,60.2,36.2,0.0,0.0,2.5,0.9,34.0,40.0,106.25,100.0
19900606.0,302,8,25424.0,3,1,1,1,1,2,2,1,1,2,1,821.0,7.0,1,5,1911.0,40.0,54.0,0.333,14.1,80.0,0.7243334970530452,20.0,24.8,1850.0,41.3,33.9,3.0,0.0,2.5,0.8,40.0,40.0,103.3,100.0
19900807.0,303,39,34585.0,1,1,1,2,1,1,1,1,1,1,1,828.0,2.0,1,2,1910.0,30.0,50.0,0.2,15.6,84.0,1.0,30.907563025210084,0.0,2400.0,58.8,41.2,4.0,0.0,2.5,0.9,33.0,35.0,96.8,100.0
19920705.0,304,6,34527.0,2,1,3,2,1,2,1,1,2,1,1,821.0,7.0,6,1,1910.0,50.0,66.0,0.3,14.8,80.0,0.625,30.0,5.780578512396692,1840.0,55.63853305785111,38.56764462809925,1.3193581780538302,0.03814432989690722,2.5,1.0,34.77525773195876,40.0,100.0,100.0
19900611.0,149,66,36874.0,2,3,1,1,1,1,1,1,1,1,2,815.0,9.0,2,2,1906.7816091954023,45.1679012345679,60.0,0.27585742187500034,15.5,80.0,0.7243334970530452,30.0,13.0,1750.0,54.3,32.6,0.0,0.0,2.75,1.0,33.0,39.056390977443606,103.03279135338333,100.0
19910531.0,157,12,47203.0,3,1,1,1,1,2,2,1,1,2,3,802.0,7.0,2,5,1910.0,50.0,69.0,0.367,17.0,82.0,0.75,50.0,0.0,1700.0,62.5,37.5,0.0,0.0,3.0,1.0,40.0,40.0,106.45,100.0
19910529.0,305,9,37338.0,1,1,1,1,1,1,1,1,1,1,1,824.0,2.0,1,2,1911.0,47.5,60.0,0.4,14.5,74.0,0.8125,20.0,8.6,1600.0,53.8,37.6,0.0,0.0,2.0,1.5,35.0,40.0,110.0,100.0
19900924.0,14,12,47105.0,3,1,1,1,1,2,2,1,1,1,4,813.0,5.0,2,5,1911.0,60.0,48.0,0.4,16.0,72.0,1.0,30.907563025210084,15.2,1600.0,44.6,40.2,0.0,4.0,2.1,0.7,40.0,40.0,96.97,90.0
19900414.0,249,13,34545.0,1,1,1,1,1,1,1,1,1,2,1,827.0,2.0,6,2,1910.0,40.0,41.0,0.233,14.0,79.0,0.75,20.0,0.0,1530.0,61.7,38.3,5.0,0.0,3.1,1.8,33.0,33.0,96.9,100.0
19901102.0,306,39,34588.0,1,1,1,1,1,1,1,1,1,1,2,815.0,9.0,1,2,1910.0,37.5,43.0,0.2,16.0,76.0,0.9375,30.907563025210084,0.0,2180.0,62.5,37.5,2.0,0.0,2.9,1.2,33.0,40.0,96.77,100.0
19910802.0,307,9,37510.0,1,1,1,1,1,1,1,1,1,1,2,815.0,9.0,2,1,1910.0,40.0,60.0,0.2,14.5,85.0,1.0,35.0,0.0,1250.0,58.8,41.2,2.5,0.0,1.5,1.0,30.0,40.0,100.0,100.0
19910415.0,308,6,32360.0,1,1,1,1,1,2,1,1,1,1,1,827.0,9.0,1,1,1911.0,37.5,59.0,0.233,16.0,75.0,0.75,20.0,4.3,1823.359168241966,54.3,41.3,0.0,0.0,2.5,1.5,33.0,40.0,106.45,100.0
19910428.0,309,5,35871.0,1,1,2,1,1,1,1,1,1,1,1,824.0,2.0,1,2,1911.0,35.0,56.0,0.2,15.0,80.0,0.8125,40.0,8.6,2100.0,53.8,37.6,8.0,0.0,1.7,1.0,30.0,40.0,100.0,100.0
19910215.0,310,74,37441.0,1,1,1,1,1,1,1,1,1,1,1,821.0,2.0,1,2,1911.0,25.0,38.0,0.2,13.0,75.0,0.625,25.0,0.0,1600.0,57.5,42.5,0.0,0.0,2.5,0.85,30.0,40.0,103.12,100.0
19910730.0,93,15,35761.0,1,1,1,1,1,1,1,1,1,1,1,828.0,2.0,1,1,1910.0,35.0,59.0,0.2,16.1,82.0,0.7243334970530452,28.0,0.0,2500.0,58.8,41.2,0.0,0.0,2.5,1.3,30.0,40.0,100.0,100.0
19900620.0,311,13,34547.0,1,1,1,1,1,1,1,1,1,3,1,827.0,9.0,6,2,1910.0,32.5,54.0,0.5,15.5,78.0,1.0,25.0,0.0,1900.0,58.8,41.2,10.0,0.0,1.4,0.8,30.0,35.0,103.2,100.0
19901002.0,233,6,36197.0,1,1,1,1,1,2,1,1,1,1,2,815.0,1.0,1,5,1910.0,55.0,48.0,0.367,14.5,76.0,0.5,30.0,8.0,2000.0,60.0,32.0,0.0,0.0,2.5,1.0,35.0,40.0,93.55,90.0
19900517.0,312,5,34752.0,1,1,2,1,1,1,1,4,1,1,1,824.0,9.0,1,2,1910.0,50.0,48.0,0.333,15.8,70.0,0.7243334970530452,30.0,0.0,1900.0,58.8,41.2,5.0,0.0,2.5,1.2,30.0,33.0,100.0,100.0
19910319.0,313,15,35753.0,1,1,1,1,1,1,1,1,1,1,1,824.0,9.0,1,2,1910.0,40.0,43.0,0.267,16.0,80.0,0.5625,30.0,5.6,1900.0,55.6,38.9,0.0,0.0,2.2,1.3,30.0,40.0,103.22,100.0
19901214.0,314,49,34693.0,1,1,1,1,1,1,1,1,1,1,1,828.0,9.0,1,2,1910.0,50.0,41.0,0.2,15.7,80.0,1.0,43.0,0.0,1800.0,62.5,37.5,1.0,0.0,2.5,1.5,30.0,40.0,106.45,100.0
19910426.0,315,9,37333.0,1,1,1,1,1,1,1,1,1,2,2,815.0,2.0,1,2,1910.0,35.0,56.0,0.3,15.3,80.0,0.75,20.0,0.0,1900.0,76.9,23.1,0.0,0.0,2.5,1.25,33.0,40.0,106.66,100.0
19940927.0,316,33,38240.0,2,2,3,2,2,5,4,2,2,4,1,828.0,9.0,3,1,1911.0,45.1679012345679,60.0,0.27585742187500034,14.9,76.0,1.0,30.0,5.780578512396692,2500.0,55.63853305785111,38.56764462809925,1.3193581780538302,0.03814432989690722,0.5,0.5,34.77525773195876,40.0,112.5,100.0
19930219.0,317,75,37046.0,2,2,3,2,2,4,3,2,2,4,2,802.0,7.0,4,1,1911.0,45.1679012345679,39.0,0.3,16.0,72.0,0.75,50.0,5.780578512396692,1350.0,55.63853305785111,38.56764462809925,1.3193581780538302,0.03814432989690722,2.5,2.2,34.77525773195876,40.0,106.6,95.0
19930906.0,318,14,85750.0,2,2,3,2,2,3,4,2,2,4,1,827.0,2.0,3,1,1911.0,45.1679012345679,54.0,0.3,16.5,88.0,0.75,25.0,5.780578512396692,1850.0,55.63853305785111,38.56764462809925,1.3193581780538302,0.03814432989690722,3.0,2.0,34.77525773195876,40.0,107.14,95.0
19901208.0,319,55,38120.0,3,1,1,2,1,2,5,1,1,1,2,815.0,2.0,2,5,1910.0,45.0,43.0,0.3,20.0,84.0,0.625,33.0,5.780578512396692,1200.0,55.63853305785111,38.56764462809925,0.0,0.0,2.5,0.5,40.0,40.0,106.25,100.0
19901116.0,320,16,34997.0,1,1,1,1,1,1,1,1,1,1,2,815.0,2.0,1,2,1910.0,32.5,45.0,0.233,14.0,94.0,0.625,25.0,0.0,1800.0,66.7,33.3,0.0,0.0,2.1,1.0,30.0,40.0,100.0,100.0
19910323.0,243,6,37355.0,1,1,1,1,1,1,1,1,1,1,1,828.0,9.0,1,1,1911.0,40.0,49.0,0.233,16.8,78.0,0.9375,30.0,0.0,2000.0,62.5,37.5,0.0,0.0,2.4,0.9,35.0,40.0,100.0,100.0
19910318.0,321,6,37355.0,1,1,1,1,1,2,1,1,1,1,1,827.0,2.0,1,1,1910.0,40.0,43.0,0.35,16.5,72.0,0.625,20.0,9.1,2000.0,56.8,34.1,4.0,0.0,2.5,0.5,35.0,40.0,103.22,100.0
19910810.0,322,48,37001.0,3,1,1,1,1,2,2,1,1,2,3,802.0,7.0,2,1,1911.0,45.0,62.0,0.233,15.0,76.0,0.75,50.0,0.0,1500.0,58.8,41.2,0.0,0.0,3.0,1.2,38.0,40.0,103.225,100.0
19900730.0,323,15,34896.0,1,1,1,1,1,1,1,1,1,1,1,828.0,2.0,1,5,1910.0,40.0,54.0,0.4,15.2,88.0,0.875,30.907563025210084,5.9,2300.0,49.5,44.6,8.0,0.0,2.5,1.0,33.0,35.0,111.1,100.0
19910415.0,324,9,37333.0,1,1,1,1,1,1,1,1,1,1,2,815.0,2.0,1,2,1911.0,50.0,60.0,0.267,13.6,86.0,1.125,28.0,0.0,1500.0,64.1,35.9,0.0,0.0,2.5,1.0,33.0,40.0,106.45,100.0
19901027.0,176,16,34996.0,1,1,1,1,1,1,1,1,1,1,2,816.0,9.0,1,1,1910.0,35.0,43.0,0.367,13.0,75.0,0.75,30.907563025210084,0.0,2000.0,62.5,37.5,0.0,0.0,2.5,1.1,30.0,40.0,100.0,100.0
19900814.0,325,13,34549.0,1,1,1,1,1,1,1,1,1,1,2,816.0,9.0,6,2,1910.0,45.0,54.0,0.167,18.0,90.0,0.5,26.0,8.3,1875.0,52.1,39.6,0.0,0.0,3.0,1.0,33.0,35.0,106.9,100.0
19910215.0,326,21,37869.0,1,1,1,1,1,2,1,1,1,1,3,802.0,2.0,2,5,1911.0,35.0,38.0,0.433,16.0,70.0,0.75,50.0,0.0,1400.0,62.5,37.5,0.0,0.0,2.8,1.5,28.0,40.0,103.125,100.0
19901214.0,327,49,34693.0,1,1,1,1,1,1,1,1,1,1,1,828.0,2.0,1,2,1906.7816091954023,45.0,41.0,0.2,16.1,74.0,1.0,30.0,0.0,1800.0,62.5,37.5,1.0,0.0,2.5,1.2,30.0,40.0,106.45,100.0
19920317.0,328,6,34518.0,1,1,3,2,1,2,1,1,2,2,1,821.0,7.0,7,1,1911.0,45.0,36.0,0.27585742187500034,14.0,76.0,0.625,20.0,5.780578512396692,1700.0,55.63853305785111,38.56764462809925,1.3193581780538302,0.03814432989690722,2.0,0.9,34.77525773195876,40.0,100.0,100.0
19900915.0,174,12,47105.0,3,1,1,1,1,2,2,1,1,1,2,816.0,2.0,2,5,1910.0,60.0,60.0,0.267,14.0,76.0,0.375,30.0,10.3,1900.0,51.5,38.1,5.0,0.0,2.6,1.1,40.0,40.0,103.3,100.0
19900723.0,329,49,34685.0,1,1,1,1,1,1,1,1,1,1,1,828.0,2.0,1,2,1911.0,50.0,61.0,0.267,14.2,88.0,1.0,29.0,0.0,2350.0,52.6,47.4,1.3193581780538302,0.0,2.5,1.1,30.0,40.0,93.75,100.0
19901117.0,330,2,34442.0,3,1,1,1,1,2,2,1,1,2,1,821.0,7.0,1,5,1910.0,50.0,43.0,0.267,14.0,74.0,0.625,20.0,2.2,1800.0,56.2,41.6,0.0,0.0,3.0,1.0,38.0,40.0,96.875,100.0
19910206.0,145,6,37352.0,1,1,1,1,1,2,1,1,1,1,2,815.0,9.0,1,5,1911.0,37.5,44.0,0.2,16.5,91.0,0.75,30.0,21.7,2050.0,43.5,34.8,0.0,0.0,2.7,0.8,35.0,40.0,107.4,100.0
19911124.0,331,47,37970.0,1,1,1,1,1,2,1,1,1,1,3,802.0,2.0,2,1,1910.0,27.5,41.0,0.267,17.58,80.0,0.75,50.0,3.4,1490.0,56.8,39.8,0.0,0.0,3.0,1.0,35.0,40.0,103.125,100.0
19910214.0,62,15,35752.0,1,1,1,1,1,1,1,1,1,1,1,824.0,9.0,1,2,1910.0,50.0,43.0,0.2,16.0,82.0,0.875,30.0,0.0,2270.0,55.6,44.4,12.0,0.0,2.0,1.0,30.0,40.0,103.22,100.0
19910501.0,332,10,35458.0,1,1,1,1,1,1,1,1,1,2,2,816.0,2.0,1,2,1910.0,40.0,60.0,0.233,15.0,78.0,1.0,28.0,0.0,2380.0,60.0,40.0,3.0,0.0,2.5,1.0,30.0,40.0,106.66,100.0
19901114.0,262,8,25447.0,3,1,1,1,1,2,2,1,1,2,1,821.0,2.0,1,5,1911.0,45.0,41.0,0.2,15.0,78.0,0.75,20.0,14.6,1800.0,48.5,36.9,0.0,0.0,2.5,1.0,34.0,40.0,100.0,100.0
19901006.0,333,6,36197.0,1,1,1,1,1,2,2,1,1,2,2,816.0,9.0,1,5,1911.0,47.5,52.0,0.3,15.2,76.0,0.75,30.0,17.5,1700.0,48.7,33.8,0.0,0.0,2.5,0.8,35.0,40.0,114.3,100.0
19900801.0,334,9,36882.0,1,1,1,1,1,1,1,1,1,1,2,816.0,2.0,1,2,1910.0,45.0,53.0,0.3,15.2,78.0,1.0,30.907563025210084,13.3,2150.0,51.0,35.7,2.0,0.0,2.5,1.1,30.0,35.0,111.1,100.0
19930309.0,335,14,85725.0,2,2,3,2,2,3,4,2,2,4,1,821.0,7.0,3,1,1910.0,45.1679012345679,44.0,0.2,16.22,74.0,0.75,30.0,5.780578512396692,2200.0,55.63853305785111,38.56764462809925,1.3193581780538302,0.03814432989690722,2.8,0.8,34.77525773195876,40.0,106.6,95.0
19920402.0,336,76,34014.0,1,1,3,2,1,2,1,1,2,3,2,816.0,9.0,1,1,1910.0,40.0,40.0,0.3,15.5,75.0,0.75,25.0,5.780578512396692,1100.0,55.63853305785111,38.56764462809925,1.3193581780538302,0.03814432989690722,2.5,1.0,34.77525773195876,40.0,102.941,100.0
19910213.0,337,77,35334.0,3,1,1,1,1,2,2,1,1,1,2,816.0,9.0,1,5,1911.0,32.5,43.0,0.2,15.0,82.0,1.0,31.0,7.6,1500.0,54.3,38.0,4.0,0.0,2.5,1.0,40.0,40.0,103.12,100.0
19901115.0,338,13,34554.0,1,1,1,1,1,2,1,1,1,1,1,827.0,2.0,6,5,1910.0,45.0,42.0,0.2,14.0,75.0,1.0,20.0,11.2,1800.0,51.0,37.8,8.0,0.0,2.5,1.0,35.0,40.0,100.0,100.0
19910220.0,339,5,35870.0,1,1,2,1,1,1,1,1,1,2,1,824.0,9.0,1,2,1911.0,40.0,46.0,0.267,16.5,68.0,0.875,25.0,0.0,1700.0,58.8,41.2,0.0,0.0,1.0,1.0,33.0,40.0,103.125,100.0
19901212.0,340,13,34556.0,1,1,1,1,1,1,1,1,1,1,2,816.0,9.0,6,2,1910.0,37.5,40.0,0.2,14.0,80.0,0.25,24.0,0.0,2400.0,58.8,41.2,2.0,0.0,2.5,0.8,30.0,40.0,106.45,100.0
19921129.0,341,17,36569.0,2,2,3,2,2,3,6,3,2,4,3,816.0,2.0,4,1,1910.0,45.1679012345679,39.0,0.3,15.1,71.0,0.625,30.0,5.780578512396692,1700.0,55.63853305785111,38.56764462809925,1.3193581780538302,0.03814432989690722,2.5,1.5,34.77525773195876,40.0,106.1,100.0
19910419.0,195,39,37169.0,1,1,1,1,1,1,1,1,1,1,1,824.0,2.0,1,2,1911.0,40.0,50.0,0.2,16.0,68.0,0.8125,30.0,0.0,2400.0,58.8,41.2,8.0,0.0,2.5,1.5,33.0,40.0,103.125,100.0
19910201.0,144,16,37080.0,1,1,1,1,1,1,1,1,1,2,1,828.0,2.0,1,2,1911.0,35.0,42.0,0.27585742187500034,15.0,75.0,0.75,30.0,0.0,2100.0,58.8,41.2,0.0,0.0,2.0,0.8,30.0,40.0,107.4,100.0
19900606.0,342,69,36859.0,3,1,1,1,1,2,2,1,1,1,3,802.0,7.0,2,5,1911.0,55.0,54.0,0.267,15.0,70.0,0.625,60.0,3.4,1600.0,56.8,39.8,0.0,0.0,1.0,0.4,45.0,40.0,103.3,100.0
19910915.0,343,39,37189.0,1,1,1,1,1,1,1,1,1,1,2,815.0,2.0,1,1,1910.0,40.0,63.0,0.233,15.8,80.0,0.75,30.0,10.5,2000.0,52.6,36.9,0.0,0.0,3.0,1.0,33.0,40.0,109.7,100.0
19921001.0,344,62,36054.0,2,2,3,2,2,3,4,3,2,4,3,816.0,2.0,4,1,1911.0,45.1679012345679,47.0,0.2,15.0,85.0,0.5,24.0,5.780578512396692,1470.0,55.63853305785111,38.56764462809925,1.3193581780538302,0.03814432989690722,1.8,1.7,34.77525773195876,40.0,96.9,100.0
19910524.0,345,51,37915.0,1,1,1,1,1,1,1,1,1,1,2,815.0,9.0,1,1,1911.0,50.0,62.0,0.4,14.9,96.0,0.75,26.0,11.0,1950.0,50.0,39.0,0.0,0.0,2.8,0.8,33.0,40.0,110.0,100.0
19900710.0,346,30,36784.0,3,1,1,1,1,2,2,1,3,1,2,815.0,9.0,2,5,1910.0,37.5,56.0,0.3,14.0,82.0,0.625,28.0,0.0,1700.0,58.8,41.2,2.0,0.0,2.5,0.5,40.0,35.0,100.0,100.0
19900718.0,108,9,36066.0,1,1,1,1,1,1,1,1,1,1,1,824.0,9.0,1,2,1910.0,45.0,54.0,0.2,15.0,80.0,0.8125,20.0,0.0,2000.0,58.8,41.2,0.0,0.0,1.5,0.6,33.0,35.0,111.1,100.0
19900813.0,347,22,34493.0,1,1,1,1,1,1,1,1,1,1,1,824.0,9.0,1,1,1910.0,30.0,54.0,0.5,13.6,70.0,0.8125,30.0,0.0,2000.0,58.8,41.2,0.0,0.0,2.3,0.9,30.0,35.0,100.0,100.0
19901211.0,348,39,34590.0,1,1,1,1,1,1,1,1,1,1,1,827.0,9.0,1,2,1910.0,50.0,40.0,0.3,15.0,72.0,0.75,30.0,0.0,2233.0,58.8,41.2,8.0,0.0,1.5,1.0,33.0,40.0,106.45,100.0
19910430.0,332,10,35458.0,1,1,1,1,1,1,1,1,1,1,2,816.0,2.0,1,2,1910.0,40.0,64.0,0.233,15.0,82.0,0.75,31.0,0.0,2400.0,60.0,40.0,3.0,0.0,2.5,1.0,30.0,40.0,106.66,100.0
19900509.0,349,12,47103.0,3,1,1,1,1,2,2,1,3,1,2,816.0,9.0,2,5,1910.0,50.0,50.0,0.3,14.5,84.0,0.25,24.0,20.7,1500.0,41.3,38.0,0.0,0.0,3.0,0.6,40.0,33.0,103.3,100.0
19910327.0,350,37,37572.0,1,1,1,1,1,1,1,1,1,1,1,824.0,9.0,1,2,1911.0,35.0,48.0,0.233,16.0,86.0,0.5625,30.0,16.1,1900.0,44.6,39.3,0.0,0.0,2.5,1.5,30.0,40.0,103.22,100.0
19910903.0,351,5,35874.0,1,1,2,1,1,1,1,1,1,2,1,824.0,2.0,1,1,1910.0,40.0,62.0,0.3,16.1,82.0,0.812,30.0,5.7,1800.0,56.8,37.5,10.0,0.0,0.7,0.5,30.0,40.0,106.5,100.0
19910815.0,222,49,35462.0,1,1,1,1,1,1,1,1,1,2,1,824.0,2.0,1,1,1906.7816091954023,40.0,58.0,0.2,17.0,75.0,0.05625,30.0,0.0,1900.0,58.8,41.2,0.0,0.0,2.6,1.4,30.0,40.0,103.225,100.0
19910507.0,352,12,47203.0,3,1,1,1,1,2,2,1,1,2,3,802.0,7.0,2,5,1910.0,50.0,55.0,0.233,13.34,74.0,0.625,30.907563025210084,4.8,1635.0,59.5,35.7,1.0,0.0,3.0,2.0,40.0,40.0,100.0,100.0
19910310.0,19,39,37163.0,1,1,1,1,1,1,1,1,1,1,1,821.0,2.0,1,2,1910.0,55.0,37.0,0.267,16.0,75.0,0.625,20.0,5.6,1850.0,55.6,38.9,0.0,0.0,0.8,0.75,33.0,40.0,109.67,100.0
19910706.0,353,9,37505.0,1,1,1,1,1,1,1,1,1,2,1,824.0,9.0,1,2,1910.0,40.0,64.0,0.233,15.4,88.0,0.5625,24.0,4.4,1835.0,55.5,40.0,2.0,0.0,2.0,1.3,30.0,40.0,106.45,100.0
19910325.0,354,8,25514.0,3,1,1,1,1,2,2,1,1,2,1,821.0,7.0,1,1,1910.0,55.0,49.0,0.267,12.5,70.0,0.625,30.0,5.6,1750.0,55.6,38.9,0.0,0.0,2.5,0.9,34.0,40.0,106.66,100.0
19920402.0,355,25,23233.0,3,1,3,2,1,2,1,1,2,1,1,821.0,7.0,7,1,1911.0,40.0,40.0,0.3,14.5,72.0,0.625,34.0,5.780578512396692,1620.0,55.63853305785111,38.56764462809925,1.3193581780538302,0.03814432989690722,2.5,1.3,34.77525773195876,40.0,102.0,100.0
19900909.0,182,12,47103.0,3,1,1,1,1,2,2,1,1,2,3,802.0,2.0,2,5,1910.0,60.0,50.0,0.3,14.5,60.0,0.75,40.0,19.0,1650.0,47.6,33.3,0.0,0.0,2.5,1.0,40.0,40.0,103.3,100.0
19901206.0,7,7,36805.0,3,1,1,1,1,2,5,1,1,1,2,815.0,2.0,1,4,1910.0,50.0,42.0,0.233,15.0,90.0,1.0,35.0,0.0,1650.0,55.5,44.5,0.0,0.0,2.5,1.0,38.0,40.0,100.0,100.0
19911203.0,356,8,25550.0,3,1,1,1,1,2,2,1,1,1,1,821.0,7.0,1,1,1911.0,40.0,47.0,0.2,14.5,85.0,0.75,25.0,10.5,1850.0,52.6,36.9,2.0,0.0,0.0,0.0,34.0,40.0,110.0,100.0
19910308.0,123,12,47202.0,1,1,1,1,1,2,2,1,3,1,3,802.0,2.0,2,5,1910.0,50.0,43.0,0.333,14.02,68.0,0.75,56.0,7.4,1800.0,53.2,39.4,0.0,0.5,3.0,1.3,40.0,40.0,109.67,100.0
19900811.0,260,22,34493.0,2,1,1,1,1,1,2,1,1,2,2,816.0,9.0,1,5,1910.0,45.1679012345679,54.0,0.333,17.0,94.0,0.25,26.0,0.0,1900.0,56.8,43.2,0.0,0.0,2.5,0.9,30.0,35.0,100.0,100.0
19910114.0,357,48,37000.0,3,1,1,1,1,2,2,1,1,1,2,815.0,2.0,2,5,1911.0,65.0,43.0,0.333,16.0,75.0,1.0,32.0,22.7,1750.0,45.5,31.8,0.0,0.0,3.0,1.0,38.0,40.0,106.66,100.0
19901030.0,358,16,34996.0,1,1,1,1,1,1,1,1,1,1,2,816.0,9.0,1,1,1910.0,35.0,42.0,0.3,15.9,78.0,0.375,32.0,0.0,2150.0,62.5,37.5,0.0,0.0,1.7,0.9,30.0,40.0,101.67,100.0
19900606.0,359,13,34546.0,1,1,1,1,1,1,1,1,1,1,2,816.0,9.0,6,2,1911.0,37.5,54.0,0.3,14.5,80.0,1.0,20.0,10.9,2400.0,54.3,34.8,0.0,0.0,2.5,0.4,30.0,40.0,103.3,100.0
